<?xml version="1.0" encoding="UTF-8" ?>
<!-- This is a WordPress eXtended RSS file generated by WordPress as an export of your site. -->
<!-- It contains information about your site's posts, pages, comments, categories, and other content. -->
<!-- You may use this file to transfer that content from one site to another. -->
<!-- This file is not intended to serve as a complete backup of your site. -->

<!-- To import this information into a WordPress site follow these steps: -->
<!-- 1. Log in to that site as an administrator. -->
<!-- 2. Go to Tools: Import in the WordPress admin panel. -->
<!-- 3. Install the "WordPress" importer from the list. -->
<!-- 4. Activate & Run Importer. -->
<!-- 5. Upload this file using the form provided on that page. -->
<!-- 6. You will first be asked to map the authors in this export file to users -->
<!--    on the site. For each author, you may choose to map to an -->
<!--    existing user on the site or to create a new user. -->
<!-- 7. WordPress will then import each of the posts, pages, comments, categories, etc. -->
<!--    contained in this file into your site. -->
<!-- generator="WordPress/6.8" created="2025-04-12 18:16" -->
<rss version="2.0"
	xmlns:excerpt="http://wordpress.org/export/1.2/excerpt/"
	xmlns:content="http://purl.org/rss/1.0/modules/content/"
	xmlns:wfw="http://wellformedweb.org/CommentAPI/"
	xmlns:dc="http://purl.org/dc/elements/1.1/"
	xmlns:wp="http://wordpress.org/export/1.2/"
>

<channel>
	<title>WP INCI</title>
	<link>http://localhost</link>
	<description></description>
	<pubDate>Sat, 12 Apr 2025 18:16:51 +0000</pubDate>
	<language>en-US</language>
	<wp:wxr_version>1.2</wp:wxr_version>
	<wp:base_site_url>http://localhost</wp:base_site_url>
	<wp:base_blog_url>http://localhost</wp:base_blog_url>

		<wp:author><wp:author_id>1</wp:author_id><wp:author_login><![CDATA[admin]]></wp:author_login><wp:author_email><![CDATA[wordpress@example.com]]></wp:author_email><wp:author_display_name><![CDATA[admin]]></wp:author_display_name><wp:author_first_name><![CDATA[]]></wp:author_first_name><wp:author_last_name><![CDATA[]]></wp:author_last_name></wp:author>

		<wp:category>
		<wp:term_id>1</wp:term_id>
		<wp:category_nicename><![CDATA[uncategorized]]></wp:category_nicename>
		<wp:category_parent><![CDATA[]]></wp:category_parent>
		<wp:cat_name><![CDATA[Uncategorized]]></wp:cat_name>
	</wp:category>
				<wp:term>
		<wp:term_id>4</wp:term_id>
		<wp:term_taxonomy><![CDATA[functions]]></wp:term_taxonomy>
		<wp:term_slug><![CDATA[abrasive]]></wp:term_slug>
		<wp:term_parent><![CDATA[]]></wp:term_parent>
		<wp:term_name><![CDATA[abrasive]]></wp:term_name>
	</wp:term>
		<wp:term>
		<wp:term_id>5</wp:term_id>
		<wp:term_taxonomy><![CDATA[functions]]></wp:term_taxonomy>
		<wp:term_slug><![CDATA[absorbent]]></wp:term_slug>
		<wp:term_parent><![CDATA[]]></wp:term_parent>
		<wp:term_name><![CDATA[absorbent]]></wp:term_name>
	</wp:term>
		<wp:term>
		<wp:term_id>6</wp:term_id>
		<wp:term_taxonomy><![CDATA[functions]]></wp:term_taxonomy>
		<wp:term_slug><![CDATA[anticaking-agent]]></wp:term_slug>
		<wp:term_parent><![CDATA[]]></wp:term_parent>
		<wp:term_name><![CDATA[anticaking agent]]></wp:term_name>
	</wp:term>
		<wp:term>
		<wp:term_id>7</wp:term_id>
		<wp:term_taxonomy><![CDATA[functions]]></wp:term_taxonomy>
		<wp:term_slug><![CDATA[antifoaming]]></wp:term_slug>
		<wp:term_parent><![CDATA[]]></wp:term_parent>
		<wp:term_name><![CDATA[antifoaming]]></wp:term_name>
	</wp:term>
		<wp:term>
		<wp:term_id>8</wp:term_id>
		<wp:term_taxonomy><![CDATA[functions]]></wp:term_taxonomy>
		<wp:term_slug><![CDATA[antimicrobial]]></wp:term_slug>
		<wp:term_parent><![CDATA[]]></wp:term_parent>
		<wp:term_name><![CDATA[antimicrobial]]></wp:term_name>
	</wp:term>
		<wp:term>
		<wp:term_id>9</wp:term_id>
		<wp:term_taxonomy><![CDATA[functions]]></wp:term_taxonomy>
		<wp:term_slug><![CDATA[antioxidant]]></wp:term_slug>
		<wp:term_parent><![CDATA[]]></wp:term_parent>
		<wp:term_name><![CDATA[antioxidant]]></wp:term_name>
	</wp:term>
		<wp:term>
		<wp:term_id>38</wp:term_id>
		<wp:term_taxonomy><![CDATA[functions]]></wp:term_taxonomy>
		<wp:term_slug><![CDATA[antistatic]]></wp:term_slug>
		<wp:term_parent><![CDATA[]]></wp:term_parent>
		<wp:term_name><![CDATA[antistatic]]></wp:term_name>
	</wp:term>
		<wp:term>
		<wp:term_id>10</wp:term_id>
		<wp:term_taxonomy><![CDATA[functions]]></wp:term_taxonomy>
		<wp:term_slug><![CDATA[bulking-agent]]></wp:term_slug>
		<wp:term_parent><![CDATA[]]></wp:term_parent>
		<wp:term_name><![CDATA[bulking agent]]></wp:term_name>
	</wp:term>
		<wp:term>
		<wp:term_id>11</wp:term_id>
		<wp:term_taxonomy><![CDATA[functions]]></wp:term_taxonomy>
		<wp:term_slug><![CDATA[chelating]]></wp:term_slug>
		<wp:term_parent><![CDATA[]]></wp:term_parent>
		<wp:term_name><![CDATA[chelating]]></wp:term_name>
	</wp:term>
		<wp:term>
		<wp:term_id>40</wp:term_id>
		<wp:term_taxonomy><![CDATA[functions]]></wp:term_taxonomy>
		<wp:term_slug><![CDATA[colorant]]></wp:term_slug>
		<wp:term_parent><![CDATA[]]></wp:term_parent>
		<wp:term_name><![CDATA[colorant]]></wp:term_name>
	</wp:term>
		<wp:term>
		<wp:term_id>12</wp:term_id>
		<wp:term_taxonomy><![CDATA[source]]></wp:term_taxonomy>
		<wp:term_slug><![CDATA[cosdna]]></wp:term_slug>
		<wp:term_parent><![CDATA[]]></wp:term_parent>
		<wp:term_name><![CDATA[CosDNA]]></wp:term_name>
		<wp:term_description><![CDATA[
				Cosmetics product ingredient analysis, known each ingredient risks and benefits.]]></wp:term_description>
		<wp:termmeta>
			<wp:meta_key><![CDATA[source_url]]></wp:meta_key>
			<wp:meta_value><![CDATA[https://cosdna.com/]]></wp:meta_value>
		</wp:termmeta>
	</wp:term>
		<wp:term>
		<wp:term_id>13</wp:term_id>
		<wp:term_taxonomy><![CDATA[source]]></wp:term_taxonomy>
		<wp:term_slug><![CDATA[cosing]]></wp:term_slug>
		<wp:term_parent><![CDATA[]]></wp:term_parent>
		<wp:term_name><![CDATA[CosIng]]></wp:term_name>
		<wp:term_description><![CDATA[
                Inventory of Cosmetic Ingredients as amended by Decision 2006/257/EC establishing a common nomenclature of ingredients employed for labelling cosmetic products throughout the EU.]]></wp:term_description>
		<wp:termmeta>
			<wp:meta_key><![CDATA[source_url]]></wp:meta_key>
			<wp:meta_value><![CDATA[https://ec.europa.eu/growth/sectors/cosmetics/cosing/]]></wp:meta_value>
		</wp:termmeta>
	</wp:term>
		<wp:term>
		<wp:term_id>37</wp:term_id>
		<wp:term_taxonomy><![CDATA[source]]></wp:term_taxonomy>
		<wp:term_slug><![CDATA[cosmeticobs]]></wp:term_slug>
		<wp:term_parent><![CDATA[]]></wp:term_parent>
		<wp:term_name><![CDATA[CosmeticOBS]]></wp:term_name>
		<wp:term_description><![CDATA[CosmeticOBS-The Cosmetics Observatory is the leading source of information for the cosmetics sector. European and international regulations, market trends, ingredient news, new products, reports from congresses and trade fairs: CosmeticOBS offers professional cosmetic monitoring updated in real time, on a daily basis.]]></wp:term_description>
		<wp:termmeta>
			<wp:meta_key><![CDATA[source_url]]></wp:meta_key>
			<wp:meta_value><![CDATA[https://cosmeticobs.com/en/]]></wp:meta_value>
		</wp:termmeta>
	</wp:term>
		<wp:term>
		<wp:term_id>14</wp:term_id>
		<wp:term_taxonomy><![CDATA[functions]]></wp:term_taxonomy>
		<wp:term_slug><![CDATA[deodorant]]></wp:term_slug>
		<wp:term_parent><![CDATA[]]></wp:term_parent>
		<wp:term_name><![CDATA[deodorant]]></wp:term_name>
	</wp:term>
		<wp:term>
		<wp:term_id>15</wp:term_id>
		<wp:term_taxonomy><![CDATA[functions]]></wp:term_taxonomy>
		<wp:term_slug><![CDATA[emollient]]></wp:term_slug>
		<wp:term_parent><![CDATA[]]></wp:term_parent>
		<wp:term_name><![CDATA[emollient]]></wp:term_name>
	</wp:term>
		<wp:term>
		<wp:term_id>16</wp:term_id>
		<wp:term_taxonomy><![CDATA[functions]]></wp:term_taxonomy>
		<wp:term_slug><![CDATA[emulsifier]]></wp:term_slug>
		<wp:term_parent><![CDATA[]]></wp:term_parent>
		<wp:term_name><![CDATA[emulsifier]]></wp:term_name>
	</wp:term>
		<wp:term>
		<wp:term_id>17</wp:term_id>
		<wp:term_taxonomy><![CDATA[functions]]></wp:term_taxonomy>
		<wp:term_slug><![CDATA[fragrance-stabilizer]]></wp:term_slug>
		<wp:term_parent><![CDATA[]]></wp:term_parent>
		<wp:term_name><![CDATA[fragrance stabilizer]]></wp:term_name>
	</wp:term>
		<wp:term>
		<wp:term_id>18</wp:term_id>
		<wp:term_taxonomy><![CDATA[brand]]></wp:term_taxonomy>
		<wp:term_slug><![CDATA[giorgio-armani]]></wp:term_slug>
		<wp:term_parent><![CDATA[]]></wp:term_parent>
		<wp:term_name><![CDATA[Giorgio Armani]]></wp:term_name>
	</wp:term>
		<wp:term>
		<wp:term_id>19</wp:term_id>
		<wp:term_taxonomy><![CDATA[functions]]></wp:term_taxonomy>
		<wp:term_slug><![CDATA[hair-conditioning]]></wp:term_slug>
		<wp:term_parent><![CDATA[]]></wp:term_parent>
		<wp:term_name><![CDATA[hair conditioning]]></wp:term_name>
	</wp:term>
		<wp:term>
		<wp:term_id>20</wp:term_id>
		<wp:term_taxonomy><![CDATA[functions]]></wp:term_taxonomy>
		<wp:term_slug><![CDATA[humectant]]></wp:term_slug>
		<wp:term_parent><![CDATA[]]></wp:term_parent>
		<wp:term_name><![CDATA[humectant]]></wp:term_name>
	</wp:term>
		<wp:term>
		<wp:term_id>21</wp:term_id>
		<wp:term_taxonomy><![CDATA[functions]]></wp:term_taxonomy>
		<wp:term_slug><![CDATA[hydrophilic-thickener]]></wp:term_slug>
		<wp:term_parent><![CDATA[]]></wp:term_parent>
		<wp:term_name><![CDATA[hydrophilic thickener]]></wp:term_name>
	</wp:term>
		<wp:term>
		<wp:term_id>22</wp:term_id>
		<wp:term_taxonomy><![CDATA[source]]></wp:term_taxonomy>
		<wp:term_slug><![CDATA[incidecoder]]></wp:term_slug>
		<wp:term_parent><![CDATA[]]></wp:term_parent>
		<wp:term_name><![CDATA[INCIDecoder]]></wp:term_name>
		<wp:term_description><![CDATA[
				Decode skincare ingredients fast with our science-based but easy-to-understand explanations. Analyze ingredient lists at a press of a button.]]></wp:term_description>
		<wp:termmeta>
			<wp:meta_key><![CDATA[source_url]]></wp:meta_key>
			<wp:meta_value><![CDATA[https://incidecoder.com/]]></wp:meta_value>
		</wp:termmeta>
	</wp:term>
		<wp:term>
		<wp:term_id>34</wp:term_id>
		<wp:term_taxonomy><![CDATA[brand]]></wp:term_taxonomy>
		<wp:term_slug><![CDATA[loreal-paris]]></wp:term_slug>
		<wp:term_parent><![CDATA[]]></wp:term_parent>
		<wp:term_name><![CDATA[L'Oréal Paris]]></wp:term_name>
	</wp:term>
		<wp:term>
		<wp:term_id>23</wp:term_id>
		<wp:term_taxonomy><![CDATA[functions]]></wp:term_taxonomy>
		<wp:term_slug><![CDATA[masking]]></wp:term_slug>
		<wp:term_parent><![CDATA[]]></wp:term_parent>
		<wp:term_name><![CDATA[masking]]></wp:term_name>
	</wp:term>
		<wp:term>
		<wp:term_id>36</wp:term_id>
		<wp:term_taxonomy><![CDATA[functions]]></wp:term_taxonomy>
		<wp:term_slug><![CDATA[mattifying]]></wp:term_slug>
		<wp:term_parent><![CDATA[]]></wp:term_parent>
		<wp:term_name><![CDATA[mattifying]]></wp:term_name>
	</wp:term>
		<wp:term>
		<wp:term_id>24</wp:term_id>
		<wp:term_taxonomy><![CDATA[functions]]></wp:term_taxonomy>
		<wp:term_slug><![CDATA[moisturizer]]></wp:term_slug>
		<wp:term_parent><![CDATA[]]></wp:term_parent>
		<wp:term_name><![CDATA[moisturizer]]></wp:term_name>
	</wp:term>
		<wp:term>
		<wp:term_id>39</wp:term_id>
		<wp:term_taxonomy><![CDATA[functions]]></wp:term_taxonomy>
		<wp:term_slug><![CDATA[moisturizing-agent]]></wp:term_slug>
		<wp:term_parent><![CDATA[]]></wp:term_parent>
		<wp:term_name><![CDATA[moisturizing agent]]></wp:term_name>
	</wp:term>
		<wp:term>
		<wp:term_id>25</wp:term_id>
		<wp:term_taxonomy><![CDATA[functions]]></wp:term_taxonomy>
		<wp:term_slug><![CDATA[occlusive]]></wp:term_slug>
		<wp:term_parent><![CDATA[]]></wp:term_parent>
		<wp:term_name><![CDATA[occlusive]]></wp:term_name>
	</wp:term>
		<wp:term>
		<wp:term_id>26</wp:term_id>
		<wp:term_taxonomy><![CDATA[functions]]></wp:term_taxonomy>
		<wp:term_slug><![CDATA[opacifying]]></wp:term_slug>
		<wp:term_parent><![CDATA[]]></wp:term_parent>
		<wp:term_name><![CDATA[opacifying]]></wp:term_name>
	</wp:term>
		<wp:term>
		<wp:term_id>27</wp:term_id>
		<wp:term_taxonomy><![CDATA[functions]]></wp:term_taxonomy>
		<wp:term_slug><![CDATA[opacifying-agent]]></wp:term_slug>
		<wp:term_parent><![CDATA[]]></wp:term_parent>
		<wp:term_name><![CDATA[opacifying agent]]></wp:term_name>
	</wp:term>
		<wp:term>
		<wp:term_id>28</wp:term_id>
		<wp:term_taxonomy><![CDATA[functions]]></wp:term_taxonomy>
		<wp:term_slug><![CDATA[ph-adjuster]]></wp:term_slug>
		<wp:term_parent><![CDATA[]]></wp:term_parent>
		<wp:term_name><![CDATA[PH adjuster]]></wp:term_name>
	</wp:term>
		<wp:term>
		<wp:term_id>29</wp:term_id>
		<wp:term_taxonomy><![CDATA[functions]]></wp:term_taxonomy>
		<wp:term_slug><![CDATA[preservative]]></wp:term_slug>
		<wp:term_parent><![CDATA[]]></wp:term_parent>
		<wp:term_name><![CDATA[preservative]]></wp:term_name>
	</wp:term>
		<wp:term>
		<wp:term_id>30</wp:term_id>
		<wp:term_taxonomy><![CDATA[functions]]></wp:term_taxonomy>
		<wp:term_slug><![CDATA[skin-conditioning]]></wp:term_slug>
		<wp:term_parent><![CDATA[]]></wp:term_parent>
		<wp:term_name><![CDATA[skin conditioning]]></wp:term_name>
	</wp:term>
		<wp:term>
		<wp:term_id>31</wp:term_id>
		<wp:term_taxonomy><![CDATA[functions]]></wp:term_taxonomy>
		<wp:term_slug><![CDATA[skin-protecting]]></wp:term_slug>
		<wp:term_parent><![CDATA[]]></wp:term_parent>
		<wp:term_name><![CDATA[skin protecting]]></wp:term_name>
	</wp:term>
		<wp:term>
		<wp:term_id>32</wp:term_id>
		<wp:term_taxonomy><![CDATA[functions]]></wp:term_taxonomy>
		<wp:term_slug><![CDATA[solvent]]></wp:term_slug>
		<wp:term_parent><![CDATA[]]></wp:term_parent>
		<wp:term_name><![CDATA[solvent]]></wp:term_name>
	</wp:term>
		<wp:term>
		<wp:term_id>42</wp:term_id>
		<wp:term_taxonomy><![CDATA[functions]]></wp:term_taxonomy>
		<wp:term_slug><![CDATA[uv-absorber]]></wp:term_slug>
		<wp:term_parent><![CDATA[]]></wp:term_parent>
		<wp:term_name><![CDATA[uv absorber]]></wp:term_name>
	</wp:term>
		<wp:term>
		<wp:term_id>41</wp:term_id>
		<wp:term_taxonomy><![CDATA[functions]]></wp:term_taxonomy>
		<wp:term_slug><![CDATA[uv-filter]]></wp:term_slug>
		<wp:term_parent><![CDATA[]]></wp:term_parent>
		<wp:term_name><![CDATA[uv filter]]></wp:term_name>
	</wp:term>
		<wp:term>
		<wp:term_id>35</wp:term_id>
		<wp:term_taxonomy><![CDATA[functions]]></wp:term_taxonomy>
		<wp:term_slug><![CDATA[viscosifying]]></wp:term_slug>
		<wp:term_parent><![CDATA[]]></wp:term_parent>
		<wp:term_name><![CDATA[viscosifying]]></wp:term_name>
	</wp:term>
		<wp:term>
		<wp:term_id>33</wp:term_id>
		<wp:term_taxonomy><![CDATA[functions]]></wp:term_taxonomy>
		<wp:term_slug><![CDATA[viscosity-controlling]]></wp:term_slug>
		<wp:term_parent><![CDATA[]]></wp:term_parent>
		<wp:term_name><![CDATA[viscosity controlling]]></wp:term_name>
	</wp:term>
		
	<generator>https://wordpress.org/?v=6.8</generator>

		<item>
		<title><![CDATA[AQUA]]></title>
		<link>http://localhost/?ingredient=aqua</link>
		<pubDate>Thu, 23 Jul 2020 18:02:30 +0000</pubDate>
		<dc:creator><![CDATA[admin]]></dc:creator>
		<guid isPermaLink="false">http://localhost/?post_type=ingredient&#038;p=35</guid>
		<description></description>
		<content:encoded><![CDATA[<!-- wp:paragraph -->
<p>Water</p>
<!-- /wp:paragraph -->]]></content:encoded>
		<excerpt:encoded><![CDATA[]]></excerpt:encoded>
		<wp:post_id>35</wp:post_id>
		<wp:post_date><![CDATA[2020-07-23 18:02:30]]></wp:post_date>
		<wp:post_date_gmt><![CDATA[2020-07-23 18:02:30]]></wp:post_date_gmt>
		<wp:post_modified><![CDATA[2020-07-23 18:02:30]]></wp:post_modified>
		<wp:post_modified_gmt><![CDATA[2020-07-23 18:02:30]]></wp:post_modified_gmt>
		<wp:comment_status><![CDATA[closed]]></wp:comment_status>
		<wp:ping_status><![CDATA[closed]]></wp:ping_status>
		<wp:post_name><![CDATA[aqua]]></wp:post_name>
		<wp:status><![CDATA[publish]]></wp:status>
		<wp:post_parent>0</wp:post_parent>
		<wp:menu_order>0</wp:menu_order>
		<wp:post_type><![CDATA[ingredient]]></wp:post_type>
		<wp:post_password><![CDATA[]]></wp:post_password>
		<wp:is_sticky>0</wp:is_sticky>
										<category domain="source" nicename="cosdna"><![CDATA[CosDNA]]></category>
		<category domain="source" nicename="cosing"><![CDATA[CosIng]]></category>
		<category domain="functions" nicename="solvent"><![CDATA[solvent]]></category>
						<wp:postmeta>
		<wp:meta_key><![CDATA[_edit_last]]></wp:meta_key>
		<wp:meta_value><![CDATA[1]]></wp:meta_value>
		</wp:postmeta>
							<wp:postmeta>
		<wp:meta_key><![CDATA[safety]]></wp:meta_key>
		<wp:meta_value><![CDATA[1]]></wp:meta_value>
		</wp:postmeta>
							<wp:postmeta>
		<wp:meta_key><![CDATA[safety]]></wp:meta_key>
		<wp:meta_value><![CDATA[1]]></wp:meta_value>
		</wp:postmeta>
							<wp:postmeta>
		<wp:meta_key><![CDATA[cas_number]]></wp:meta_key>
		<wp:meta_value><![CDATA[7732-18-5]]></wp:meta_value>
		</wp:postmeta>
							<wp:postmeta>
		<wp:meta_key><![CDATA[ec_number]]></wp:meta_key>
		<wp:meta_value><![CDATA[231-791-2]]></wp:meta_value>
		</wp:postmeta>
							</item>
					<item>
		<title><![CDATA[GLYCERIN]]></title>
		<link>http://localhost/?ingredient=glycerin</link>
		<pubDate>Thu, 23 Jul 2020 18:05:21 +0000</pubDate>
		<dc:creator><![CDATA[admin]]></dc:creator>
		<guid isPermaLink="false">http://localhost/?post_type=ingredient&#038;p=37</guid>
		<description></description>
		<content:encoded><![CDATA[]]></content:encoded>
		<excerpt:encoded><![CDATA[]]></excerpt:encoded>
		<wp:post_id>37</wp:post_id>
		<wp:post_date><![CDATA[2020-07-23 18:05:21]]></wp:post_date>
		<wp:post_date_gmt><![CDATA[2020-07-23 18:05:21]]></wp:post_date_gmt>
		<wp:post_modified><![CDATA[2020-07-23 18:05:21]]></wp:post_modified>
		<wp:post_modified_gmt><![CDATA[2020-07-23 18:05:21]]></wp:post_modified_gmt>
		<wp:comment_status><![CDATA[closed]]></wp:comment_status>
		<wp:ping_status><![CDATA[closed]]></wp:ping_status>
		<wp:post_name><![CDATA[glycerin]]></wp:post_name>
		<wp:status><![CDATA[publish]]></wp:status>
		<wp:post_parent>0</wp:post_parent>
		<wp:menu_order>0</wp:menu_order>
		<wp:post_type><![CDATA[ingredient]]></wp:post_type>
		<wp:post_password><![CDATA[]]></wp:post_password>
		<wp:is_sticky>0</wp:is_sticky>
										<category domain="source" nicename="cosdna"><![CDATA[CosDNA]]></category>
		<category domain="functions" nicename="moisturizer"><![CDATA[moisturizer]]></category>
		<category domain="functions" nicename="solvent"><![CDATA[solvent]]></category>
						<wp:postmeta>
		<wp:meta_key><![CDATA[_edit_last]]></wp:meta_key>
		<wp:meta_value><![CDATA[1]]></wp:meta_value>
		</wp:postmeta>
							<wp:postmeta>
		<wp:meta_key><![CDATA[safety]]></wp:meta_key>
		<wp:meta_value><![CDATA[1]]></wp:meta_value>
		</wp:postmeta>
							<wp:postmeta>
		<wp:meta_key><![CDATA[safety]]></wp:meta_key>
		<wp:meta_value><![CDATA[1]]></wp:meta_value>
		</wp:postmeta>
							</item>
					<item>
		<title><![CDATA[CAPRYLYL METHICONE]]></title>
		<link>http://localhost/?ingredient=caprylyl-methicone</link>
		<pubDate>Thu, 23 Jul 2020 18:08:13 +0000</pubDate>
		<dc:creator><![CDATA[admin]]></dc:creator>
		<guid isPermaLink="false">http://localhost/?post_type=ingredient&#038;p=39</guid>
		<description></description>
		<content:encoded><![CDATA[]]></content:encoded>
		<excerpt:encoded><![CDATA[]]></excerpt:encoded>
		<wp:post_id>39</wp:post_id>
		<wp:post_date><![CDATA[2020-07-23 18:08:13]]></wp:post_date>
		<wp:post_date_gmt><![CDATA[2020-07-23 18:08:13]]></wp:post_date_gmt>
		<wp:post_modified><![CDATA[2020-07-23 18:08:13]]></wp:post_modified>
		<wp:post_modified_gmt><![CDATA[2020-07-23 18:08:13]]></wp:post_modified_gmt>
		<wp:comment_status><![CDATA[closed]]></wp:comment_status>
		<wp:ping_status><![CDATA[closed]]></wp:ping_status>
		<wp:post_name><![CDATA[caprylyl-methicone]]></wp:post_name>
		<wp:status><![CDATA[publish]]></wp:status>
		<wp:post_parent>0</wp:post_parent>
		<wp:menu_order>0</wp:menu_order>
		<wp:post_type><![CDATA[ingredient]]></wp:post_type>
		<wp:post_password><![CDATA[]]></wp:post_password>
		<wp:is_sticky>0</wp:is_sticky>
										<category domain="source" nicename="incidecoder"><![CDATA[INCIDecoder]]></category>
		<category domain="functions" nicename="skin-conditioning"><![CDATA[skin conditioning]]></category>
						<wp:postmeta>
		<wp:meta_key><![CDATA[_edit_last]]></wp:meta_key>
		<wp:meta_value><![CDATA[1]]></wp:meta_value>
		</wp:postmeta>
							<wp:postmeta>
		<wp:meta_key><![CDATA[safety]]></wp:meta_key>
		<wp:meta_value><![CDATA[5]]></wp:meta_value>
		</wp:postmeta>
							<wp:postmeta>
		<wp:meta_key><![CDATA[safety]]></wp:meta_key>
		<wp:meta_value><![CDATA[5]]></wp:meta_value>
		</wp:postmeta>
							<wp:postmeta>
		<wp:meta_key><![CDATA[cas_number]]></wp:meta_key>
		<wp:meta_value><![CDATA[dhkfad]]></wp:meta_value>
		</wp:postmeta>
							<wp:postmeta>
		<wp:meta_key><![CDATA[restriction]]></wp:meta_key>
		<wp:meta_value><![CDATA[None]]></wp:meta_value>
		</wp:postmeta>
							</item>
					<item>
		<title><![CDATA[PROPANEDIOL]]></title>
		<link>http://localhost/?ingredient=propanediol</link>
		<pubDate>Thu, 23 Jul 2020 18:13:36 +0000</pubDate>
		<dc:creator><![CDATA[admin]]></dc:creator>
		<guid isPermaLink="false">http://localhost/?post_type=ingredient&#038;p=41</guid>
		<description></description>
		<content:encoded><![CDATA[Propanediol is a natural alternative for the often used and often bad-mouthed propylene glycol. It's produced sustainably from corn sugar and it's Ecocert approved.

It's quite a multi-tasker: can be used to improve skin moisturization, as a solvent, to boost preservative efficacy or to influence the sensory properties of the end formula.]]></content:encoded>
		<excerpt:encoded><![CDATA[]]></excerpt:encoded>
		<wp:post_id>41</wp:post_id>
		<wp:post_date><![CDATA[2020-07-23 18:13:36]]></wp:post_date>
		<wp:post_date_gmt><![CDATA[2020-07-23 18:13:36]]></wp:post_date_gmt>
		<wp:post_modified><![CDATA[2020-07-23 18:13:36]]></wp:post_modified>
		<wp:post_modified_gmt><![CDATA[2020-07-23 18:13:36]]></wp:post_modified_gmt>
		<wp:comment_status><![CDATA[closed]]></wp:comment_status>
		<wp:ping_status><![CDATA[closed]]></wp:ping_status>
		<wp:post_name><![CDATA[propanediol]]></wp:post_name>
		<wp:status><![CDATA[publish]]></wp:status>
		<wp:post_parent>0</wp:post_parent>
		<wp:menu_order>0</wp:menu_order>
		<wp:post_type><![CDATA[ingredient]]></wp:post_type>
		<wp:post_password><![CDATA[]]></wp:post_password>
		<wp:is_sticky>0</wp:is_sticky>
										<category domain="source" nicename="incidecoder"><![CDATA[INCIDecoder]]></category>
		<category domain="functions" nicename="moisturizer"><![CDATA[moisturizer]]></category>
		<category domain="functions" nicename="solvent"><![CDATA[solvent]]></category>
						<wp:postmeta>
		<wp:meta_key><![CDATA[_edit_last]]></wp:meta_key>
		<wp:meta_value><![CDATA[1]]></wp:meta_value>
		</wp:postmeta>
							<wp:postmeta>
		<wp:meta_key><![CDATA[safety]]></wp:meta_key>
		<wp:meta_value><![CDATA[2]]></wp:meta_value>
		</wp:postmeta>
							<wp:postmeta>
		<wp:meta_key><![CDATA[safety]]></wp:meta_key>
		<wp:meta_value><![CDATA[2]]></wp:meta_value>
		</wp:postmeta>
							</item>
					<item>
		<title><![CDATA[DIMETHICONE]]></title>
		<link>http://localhost/?ingredient=dimethicone</link>
		<pubDate>Thu, 23 Jul 2020 18:17:25 +0000</pubDate>
		<dc:creator><![CDATA[admin]]></dc:creator>
		<guid isPermaLink="false">http://localhost/?post_type=ingredient&#038;p=43</guid>
		<description></description>
		<content:encoded><![CDATA[]]></content:encoded>
		<excerpt:encoded><![CDATA[]]></excerpt:encoded>
		<wp:post_id>43</wp:post_id>
		<wp:post_date><![CDATA[2020-07-23 18:17:25]]></wp:post_date>
		<wp:post_date_gmt><![CDATA[2020-07-23 18:17:25]]></wp:post_date_gmt>
		<wp:post_modified><![CDATA[2020-07-23 18:17:25]]></wp:post_modified>
		<wp:post_modified_gmt><![CDATA[2020-07-23 18:17:25]]></wp:post_modified_gmt>
		<wp:comment_status><![CDATA[closed]]></wp:comment_status>
		<wp:ping_status><![CDATA[closed]]></wp:ping_status>
		<wp:post_name><![CDATA[dimethicone]]></wp:post_name>
		<wp:status><![CDATA[publish]]></wp:status>
		<wp:post_parent>0</wp:post_parent>
		<wp:menu_order>0</wp:menu_order>
		<wp:post_type><![CDATA[ingredient]]></wp:post_type>
		<wp:post_password><![CDATA[]]></wp:post_password>
		<wp:is_sticky>0</wp:is_sticky>
										<category domain="functions" nicename="antifoaming"><![CDATA[antifoaming]]></category>
		<category domain="source" nicename="cosdna"><![CDATA[CosDNA]]></category>
		<category domain="functions" nicename="emollient"><![CDATA[emollient]]></category>
		<category domain="functions" nicename="skin-protecting"><![CDATA[skin protecting]]></category>
						<wp:postmeta>
		<wp:meta_key><![CDATA[_edit_last]]></wp:meta_key>
		<wp:meta_value><![CDATA[1]]></wp:meta_value>
		</wp:postmeta>
							<wp:postmeta>
		<wp:meta_key><![CDATA[safety]]></wp:meta_key>
		<wp:meta_value><![CDATA[5]]></wp:meta_value>
		</wp:postmeta>
							<wp:postmeta>
		<wp:meta_key><![CDATA[safety]]></wp:meta_key>
		<wp:meta_value><![CDATA[5]]></wp:meta_value>
		</wp:postmeta>
							</item>
					<item>
		<title><![CDATA[PENTYLENE GLYCOL]]></title>
		<link>http://localhost/?ingredient=pentylene-glycol</link>
		<pubDate>Thu, 23 Jul 2020 18:36:28 +0000</pubDate>
		<dc:creator><![CDATA[admin]]></dc:creator>
		<guid isPermaLink="false">http://localhost/?post_type=ingredient&#038;p=45</guid>
		<description></description>
		<content:encoded><![CDATA[]]></content:encoded>
		<excerpt:encoded><![CDATA[]]></excerpt:encoded>
		<wp:post_id>45</wp:post_id>
		<wp:post_date><![CDATA[2020-07-23 18:36:28]]></wp:post_date>
		<wp:post_date_gmt><![CDATA[2020-07-23 18:36:28]]></wp:post_date_gmt>
		<wp:post_modified><![CDATA[2020-07-23 18:36:28]]></wp:post_modified>
		<wp:post_modified_gmt><![CDATA[2020-07-23 18:36:28]]></wp:post_modified_gmt>
		<wp:comment_status><![CDATA[closed]]></wp:comment_status>
		<wp:ping_status><![CDATA[closed]]></wp:ping_status>
		<wp:post_name><![CDATA[pentylene-glycol]]></wp:post_name>
		<wp:status><![CDATA[publish]]></wp:status>
		<wp:post_parent>0</wp:post_parent>
		<wp:menu_order>0</wp:menu_order>
		<wp:post_type><![CDATA[ingredient]]></wp:post_type>
		<wp:post_password><![CDATA[]]></wp:post_password>
		<wp:is_sticky>0</wp:is_sticky>
										<category domain="functions" nicename="antimicrobial"><![CDATA[antimicrobial]]></category>
		<category domain="source" nicename="cosdna"><![CDATA[CosDNA]]></category>
		<category domain="functions" nicename="emollient"><![CDATA[emollient]]></category>
		<category domain="functions" nicename="humectant"><![CDATA[humectant]]></category>
						<wp:postmeta>
		<wp:meta_key><![CDATA[_edit_last]]></wp:meta_key>
		<wp:meta_value><![CDATA[1]]></wp:meta_value>
		</wp:postmeta>
							<wp:postmeta>
		<wp:meta_key><![CDATA[safety]]></wp:meta_key>
		<wp:meta_value><![CDATA[2]]></wp:meta_value>
		</wp:postmeta>
							<wp:postmeta>
		<wp:meta_key><![CDATA[safety]]></wp:meta_key>
		<wp:meta_value><![CDATA[2]]></wp:meta_value>
		</wp:postmeta>
							</item>
					<item>
		<title><![CDATA[DIMETHICONE/PEG-10/15 CROSSPOLYMER]]></title>
		<link>http://localhost/?ingredient=dimethicone-peg-10-15-crosspolymer</link>
		<pubDate>Thu, 23 Jul 2020 18:38:41 +0000</pubDate>
		<dc:creator><![CDATA[admin]]></dc:creator>
		<guid isPermaLink="false">http://localhost/?post_type=ingredient&#038;p=48</guid>
		<description></description>
		<content:encoded><![CDATA[]]></content:encoded>
		<excerpt:encoded><![CDATA[]]></excerpt:encoded>
		<wp:post_id>48</wp:post_id>
		<wp:post_date><![CDATA[2020-07-23 18:38:41]]></wp:post_date>
		<wp:post_date_gmt><![CDATA[2020-07-23 18:38:41]]></wp:post_date_gmt>
		<wp:post_modified><![CDATA[2020-07-23 18:38:41]]></wp:post_modified>
		<wp:post_modified_gmt><![CDATA[2020-07-23 18:38:41]]></wp:post_modified_gmt>
		<wp:comment_status><![CDATA[closed]]></wp:comment_status>
		<wp:ping_status><![CDATA[closed]]></wp:ping_status>
		<wp:post_name><![CDATA[dimethicone-peg-10-15-crosspolymer]]></wp:post_name>
		<wp:status><![CDATA[publish]]></wp:status>
		<wp:post_parent>0</wp:post_parent>
		<wp:menu_order>0</wp:menu_order>
		<wp:post_type><![CDATA[ingredient]]></wp:post_type>
		<wp:post_password><![CDATA[]]></wp:post_password>
		<wp:is_sticky>0</wp:is_sticky>
										<category domain="source" nicename="cosdna"><![CDATA[CosDNA]]></category>
		<category domain="functions" nicename="emulsifier"><![CDATA[emulsifier]]></category>
						<wp:postmeta>
		<wp:meta_key><![CDATA[_edit_last]]></wp:meta_key>
		<wp:meta_value><![CDATA[1]]></wp:meta_value>
		</wp:postmeta>
							<wp:postmeta>
		<wp:meta_key><![CDATA[safety]]></wp:meta_key>
		<wp:meta_value><![CDATA[3]]></wp:meta_value>
		</wp:postmeta>
							<wp:postmeta>
		<wp:meta_key><![CDATA[safety]]></wp:meta_key>
		<wp:meta_value><![CDATA[3]]></wp:meta_value>
		</wp:postmeta>
							</item>
					<item>
		<title><![CDATA[ALCOHOL DENAT.]]></title>
		<link>http://localhost/?ingredient=alcohol-denat</link>
		<pubDate>Thu, 23 Jul 2020 18:39:49 +0000</pubDate>
		<dc:creator><![CDATA[admin]]></dc:creator>
		<guid isPermaLink="false">http://localhost/?post_type=ingredient&#038;p=50</guid>
		<description></description>
		<content:encoded><![CDATA[]]></content:encoded>
		<excerpt:encoded><![CDATA[]]></excerpt:encoded>
		<wp:post_id>50</wp:post_id>
		<wp:post_date><![CDATA[2020-07-23 18:39:49]]></wp:post_date>
		<wp:post_date_gmt><![CDATA[2020-07-23 18:39:49]]></wp:post_date_gmt>
		<wp:post_modified><![CDATA[2020-07-23 18:39:49]]></wp:post_modified>
		<wp:post_modified_gmt><![CDATA[2020-07-23 18:39:49]]></wp:post_modified_gmt>
		<wp:comment_status><![CDATA[closed]]></wp:comment_status>
		<wp:ping_status><![CDATA[closed]]></wp:ping_status>
		<wp:post_name><![CDATA[alcohol-denat]]></wp:post_name>
		<wp:status><![CDATA[publish]]></wp:status>
		<wp:post_parent>0</wp:post_parent>
		<wp:menu_order>0</wp:menu_order>
		<wp:post_type><![CDATA[ingredient]]></wp:post_type>
		<wp:post_password><![CDATA[]]></wp:post_password>
		<wp:is_sticky>0</wp:is_sticky>
										<category domain="source" nicename="cosdna"><![CDATA[CosDNA]]></category>
		<category domain="functions" nicename="solvent"><![CDATA[solvent]]></category>
						<wp:postmeta>
		<wp:meta_key><![CDATA[_edit_last]]></wp:meta_key>
		<wp:meta_value><![CDATA[1]]></wp:meta_value>
		</wp:postmeta>
							<wp:postmeta>
		<wp:meta_key><![CDATA[safety]]></wp:meta_key>
		<wp:meta_value><![CDATA[3]]></wp:meta_value>
		</wp:postmeta>
							<wp:postmeta>
		<wp:meta_key><![CDATA[safety]]></wp:meta_key>
		<wp:meta_value><![CDATA[3]]></wp:meta_value>
		</wp:postmeta>
							</item>
					<item>
		<title><![CDATA[SODIUM CHLORIDE]]></title>
		<link>http://localhost/?ingredient=sodium-chloride</link>
		<pubDate>Thu, 23 Jul 2020 18:41:50 +0000</pubDate>
		<dc:creator><![CDATA[admin]]></dc:creator>
		<guid isPermaLink="false">http://localhost/?post_type=ingredient&#038;p=52</guid>
		<description></description>
		<content:encoded><![CDATA[]]></content:encoded>
		<excerpt:encoded><![CDATA[]]></excerpt:encoded>
		<wp:post_id>52</wp:post_id>
		<wp:post_date><![CDATA[2020-07-23 18:41:50]]></wp:post_date>
		<wp:post_date_gmt><![CDATA[2020-07-23 18:41:50]]></wp:post_date_gmt>
		<wp:post_modified><![CDATA[2020-07-23 18:41:50]]></wp:post_modified>
		<wp:post_modified_gmt><![CDATA[2020-07-23 18:41:50]]></wp:post_modified_gmt>
		<wp:comment_status><![CDATA[closed]]></wp:comment_status>
		<wp:ping_status><![CDATA[closed]]></wp:ping_status>
		<wp:post_name><![CDATA[sodium-chloride]]></wp:post_name>
		<wp:status><![CDATA[publish]]></wp:status>
		<wp:post_parent>0</wp:post_parent>
		<wp:menu_order>0</wp:menu_order>
		<wp:post_type><![CDATA[ingredient]]></wp:post_type>
		<wp:post_password><![CDATA[]]></wp:post_password>
		<wp:is_sticky>0</wp:is_sticky>
										<category domain="functions" nicename="bulking-agent"><![CDATA[bulking agent]]></category>
		<category domain="source" nicename="cosdna"><![CDATA[CosDNA]]></category>
		<category domain="functions" nicename="hydrophilic-thickener"><![CDATA[hydrophilic thickener]]></category>
						<wp:postmeta>
		<wp:meta_key><![CDATA[_edit_last]]></wp:meta_key>
		<wp:meta_value><![CDATA[1]]></wp:meta_value>
		</wp:postmeta>
							<wp:postmeta>
		<wp:meta_key><![CDATA[safety]]></wp:meta_key>
		<wp:meta_value><![CDATA[3]]></wp:meta_value>
		</wp:postmeta>
							<wp:postmeta>
		<wp:meta_key><![CDATA[safety]]></wp:meta_key>
		<wp:meta_value><![CDATA[3]]></wp:meta_value>
		</wp:postmeta>
							</item>
					<item>
		<title><![CDATA[TRIETHOXYSILYLETHYL POLYDIMETHYLSILOXYETHYL DIMETHICONE]]></title>
		<link>http://localhost/?ingredient=triethoxysilylethyl-polydimethylsiloxyethyl-dimethicone</link>
		<pubDate>Thu, 23 Jul 2020 18:42:45 +0000</pubDate>
		<dc:creator><![CDATA[admin]]></dc:creator>
		<guid isPermaLink="false">http://localhost/?post_type=ingredient&#038;p=55</guid>
		<description></description>
		<content:encoded><![CDATA[]]></content:encoded>
		<excerpt:encoded><![CDATA[]]></excerpt:encoded>
		<wp:post_id>55</wp:post_id>
		<wp:post_date><![CDATA[2020-07-23 18:42:45]]></wp:post_date>
		<wp:post_date_gmt><![CDATA[2020-07-23 18:42:45]]></wp:post_date_gmt>
		<wp:post_modified><![CDATA[2020-07-23 18:42:45]]></wp:post_modified>
		<wp:post_modified_gmt><![CDATA[2020-07-23 18:42:45]]></wp:post_modified_gmt>
		<wp:comment_status><![CDATA[closed]]></wp:comment_status>
		<wp:ping_status><![CDATA[closed]]></wp:ping_status>
		<wp:post_name><![CDATA[triethoxysilylethyl-polydimethylsiloxyethyl-dimethicone]]></wp:post_name>
		<wp:status><![CDATA[publish]]></wp:status>
		<wp:post_parent>0</wp:post_parent>
		<wp:menu_order>0</wp:menu_order>
		<wp:post_type><![CDATA[ingredient]]></wp:post_type>
		<wp:post_password><![CDATA[]]></wp:post_password>
		<wp:is_sticky>0</wp:is_sticky>
										<category domain="source" nicename="cosdna"><![CDATA[CosDNA]]></category>
		<category domain="functions" nicename="occlusive"><![CDATA[occlusive]]></category>
						<wp:postmeta>
		<wp:meta_key><![CDATA[_edit_last]]></wp:meta_key>
		<wp:meta_value><![CDATA[1]]></wp:meta_value>
		</wp:postmeta>
							<wp:postmeta>
		<wp:meta_key><![CDATA[safety]]></wp:meta_key>
		<wp:meta_value><![CDATA[3]]></wp:meta_value>
		</wp:postmeta>
							<wp:postmeta>
		<wp:meta_key><![CDATA[safety]]></wp:meta_key>
		<wp:meta_value><![CDATA[3]]></wp:meta_value>
		</wp:postmeta>
							</item>
					<item>
		<title><![CDATA[ISOPROPYL TITANIUM TRIISOSTEARATE]]></title>
		<link>http://localhost/?ingredient=isopropyl-titanium-triisostearate</link>
		<pubDate>Thu, 23 Jul 2020 18:44:25 +0000</pubDate>
		<dc:creator><![CDATA[admin]]></dc:creator>
		<guid isPermaLink="false">http://localhost/?post_type=ingredient&#038;p=57</guid>
		<description></description>
		<content:encoded><![CDATA[]]></content:encoded>
		<excerpt:encoded><![CDATA[]]></excerpt:encoded>
		<wp:post_id>57</wp:post_id>
		<wp:post_date><![CDATA[2020-07-23 18:44:25]]></wp:post_date>
		<wp:post_date_gmt><![CDATA[2020-07-23 18:44:25]]></wp:post_date_gmt>
		<wp:post_modified><![CDATA[2020-07-23 18:44:25]]></wp:post_modified>
		<wp:post_modified_gmt><![CDATA[2020-07-23 18:44:25]]></wp:post_modified_gmt>
		<wp:comment_status><![CDATA[closed]]></wp:comment_status>
		<wp:ping_status><![CDATA[closed]]></wp:ping_status>
		<wp:post_name><![CDATA[isopropyl-titanium-triisostearate]]></wp:post_name>
		<wp:status><![CDATA[publish]]></wp:status>
		<wp:post_parent>0</wp:post_parent>
		<wp:menu_order>0</wp:menu_order>
		<wp:post_type><![CDATA[ingredient]]></wp:post_type>
		<wp:post_password><![CDATA[]]></wp:post_password>
		<wp:is_sticky>0</wp:is_sticky>
										<category domain="source" nicename="cosdna"><![CDATA[CosDNA]]></category>
		<category domain="functions" nicename="emollient"><![CDATA[emollient]]></category>
		<category domain="functions" nicename="emulsifier"><![CDATA[emulsifier]]></category>
						<wp:postmeta>
		<wp:meta_key><![CDATA[_edit_last]]></wp:meta_key>
		<wp:meta_value><![CDATA[1]]></wp:meta_value>
		</wp:postmeta>
							<wp:postmeta>
		<wp:meta_key><![CDATA[safety]]></wp:meta_key>
		<wp:meta_value><![CDATA[2]]></wp:meta_value>
		</wp:postmeta>
							<wp:postmeta>
		<wp:meta_key><![CDATA[safety]]></wp:meta_key>
		<wp:meta_value><![CDATA[2]]></wp:meta_value>
		</wp:postmeta>
							</item>
					<item>
		<title><![CDATA[ALUMINA]]></title>
		<link>http://localhost/?ingredient=alumina</link>
		<pubDate>Thu, 23 Jul 2020 18:47:57 +0000</pubDate>
		<dc:creator><![CDATA[admin]]></dc:creator>
		<guid isPermaLink="false">http://localhost/?post_type=ingredient&#038;p=59</guid>
		<description></description>
		<content:encoded><![CDATA[]]></content:encoded>
		<excerpt:encoded><![CDATA[]]></excerpt:encoded>
		<wp:post_id>59</wp:post_id>
		<wp:post_date><![CDATA[2020-07-23 18:47:57]]></wp:post_date>
		<wp:post_date_gmt><![CDATA[2020-07-23 18:47:57]]></wp:post_date_gmt>
		<wp:post_modified><![CDATA[2020-07-23 18:47:57]]></wp:post_modified>
		<wp:post_modified_gmt><![CDATA[2020-07-23 18:47:57]]></wp:post_modified_gmt>
		<wp:comment_status><![CDATA[closed]]></wp:comment_status>
		<wp:ping_status><![CDATA[closed]]></wp:ping_status>
		<wp:post_name><![CDATA[alumina]]></wp:post_name>
		<wp:status><![CDATA[publish]]></wp:status>
		<wp:post_parent>0</wp:post_parent>
		<wp:menu_order>0</wp:menu_order>
		<wp:post_type><![CDATA[ingredient]]></wp:post_type>
		<wp:post_password><![CDATA[]]></wp:post_password>
		<wp:is_sticky>0</wp:is_sticky>
										<category domain="functions" nicename="abrasive"><![CDATA[abrasive]]></category>
		<category domain="functions" nicename="absorbent"><![CDATA[absorbent]]></category>
		<category domain="functions" nicename="anticaking-agent"><![CDATA[anticaking agent]]></category>
		<category domain="source" nicename="cosdna"><![CDATA[CosDNA]]></category>
		<category domain="functions" nicename="opacifying-agent"><![CDATA[opacifying agent]]></category>
		<category domain="functions" nicename="viscosity-controlling"><![CDATA[viscosity controlling]]></category>
						<wp:postmeta>
		<wp:meta_key><![CDATA[_edit_last]]></wp:meta_key>
		<wp:meta_value><![CDATA[1]]></wp:meta_value>
		</wp:postmeta>
							<wp:postmeta>
		<wp:meta_key><![CDATA[safety]]></wp:meta_key>
		<wp:meta_value><![CDATA[2]]></wp:meta_value>
		</wp:postmeta>
							<wp:postmeta>
		<wp:meta_key><![CDATA[safety]]></wp:meta_key>
		<wp:meta_value><![CDATA[2]]></wp:meta_value>
		</wp:postmeta>
							</item>
					<item>
		<title><![CDATA[CAPRYLYL GLYCOL]]></title>
		<link>http://localhost/?ingredient=caprylyl-glycol</link>
		<pubDate>Thu, 23 Jul 2020 18:51:28 +0000</pubDate>
		<dc:creator><![CDATA[admin]]></dc:creator>
		<guid isPermaLink="false">http://localhost/?post_type=ingredient&#038;p=61</guid>
		<description></description>
		<content:encoded><![CDATA[It’s a handy multi-tasking ingredient that gives the skin a nice, soft feel. At the same time, it also boosts the effectiveness of other preservatives, such as the nowadays super commonly used phenoxyethanol.

The blend of these two (caprylyl glycol + phenoxyethanol) is called Optiphen, which not only helps to keep your cosmetics free from nasty things for a long time but also gives a good feel to the finished product. It's a popular duo.]]></content:encoded>
		<excerpt:encoded><![CDATA[]]></excerpt:encoded>
		<wp:post_id>61</wp:post_id>
		<wp:post_date><![CDATA[2020-07-23 18:51:28]]></wp:post_date>
		<wp:post_date_gmt><![CDATA[2020-07-23 18:51:28]]></wp:post_date_gmt>
		<wp:post_modified><![CDATA[2020-07-23 18:51:28]]></wp:post_modified>
		<wp:post_modified_gmt><![CDATA[2020-07-23 18:51:28]]></wp:post_modified_gmt>
		<wp:comment_status><![CDATA[closed]]></wp:comment_status>
		<wp:ping_status><![CDATA[closed]]></wp:ping_status>
		<wp:post_name><![CDATA[caprylyl-glycol]]></wp:post_name>
		<wp:status><![CDATA[publish]]></wp:status>
		<wp:post_parent>0</wp:post_parent>
		<wp:menu_order>0</wp:menu_order>
		<wp:post_type><![CDATA[ingredient]]></wp:post_type>
		<wp:post_password><![CDATA[]]></wp:post_password>
		<wp:is_sticky>0</wp:is_sticky>
										<category domain="functions" nicename="deodorant"><![CDATA[deodorant]]></category>
		<category domain="functions" nicename="emollient"><![CDATA[emollient]]></category>
		<category domain="functions" nicename="hair-conditioning"><![CDATA[hair conditioning]]></category>
		<category domain="source" nicename="incidecoder"><![CDATA[INCIDecoder]]></category>
		<category domain="functions" nicename="skin-conditioning"><![CDATA[skin conditioning]]></category>
						<wp:postmeta>
		<wp:meta_key><![CDATA[_edit_last]]></wp:meta_key>
		<wp:meta_value><![CDATA[1]]></wp:meta_value>
		</wp:postmeta>
							<wp:postmeta>
		<wp:meta_key><![CDATA[safety]]></wp:meta_key>
		<wp:meta_value><![CDATA[2]]></wp:meta_value>
		</wp:postmeta>
							<wp:postmeta>
		<wp:meta_key><![CDATA[safety]]></wp:meta_key>
		<wp:meta_value><![CDATA[2]]></wp:meta_value>
		</wp:postmeta>
							</item>
					<item>
		<title><![CDATA[PHENOXYETHANOL]]></title>
		<link>http://localhost/?ingredient=phenoxyethanol</link>
		<pubDate>Thu, 23 Jul 2020 18:54:59 +0000</pubDate>
		<dc:creator><![CDATA[admin]]></dc:creator>
		<guid isPermaLink="false">http://localhost/?post_type=ingredient&#038;p=66</guid>
		<description></description>
		<content:encoded><![CDATA[]]></content:encoded>
		<excerpt:encoded><![CDATA[]]></excerpt:encoded>
		<wp:post_id>66</wp:post_id>
		<wp:post_date><![CDATA[2020-07-23 18:54:59]]></wp:post_date>
		<wp:post_date_gmt><![CDATA[2020-07-23 18:54:59]]></wp:post_date_gmt>
		<wp:post_modified><![CDATA[2020-07-23 18:54:59]]></wp:post_modified>
		<wp:post_modified_gmt><![CDATA[2020-07-23 18:54:59]]></wp:post_modified_gmt>
		<wp:comment_status><![CDATA[closed]]></wp:comment_status>
		<wp:ping_status><![CDATA[closed]]></wp:ping_status>
		<wp:post_name><![CDATA[phenoxyethanol]]></wp:post_name>
		<wp:status><![CDATA[publish]]></wp:status>
		<wp:post_parent>0</wp:post_parent>
		<wp:menu_order>0</wp:menu_order>
		<wp:post_type><![CDATA[ingredient]]></wp:post_type>
		<wp:post_password><![CDATA[]]></wp:post_password>
		<wp:is_sticky>0</wp:is_sticky>
										<category domain="source" nicename="cosdna"><![CDATA[CosDNA]]></category>
		<category domain="functions" nicename="fragrance-stabilizer"><![CDATA[fragrance stabilizer]]></category>
		<category domain="functions" nicename="preservative"><![CDATA[preservative]]></category>
						<wp:postmeta>
		<wp:meta_key><![CDATA[_edit_last]]></wp:meta_key>
		<wp:meta_value><![CDATA[1]]></wp:meta_value>
		</wp:postmeta>
							<wp:postmeta>
		<wp:meta_key><![CDATA[safety]]></wp:meta_key>
		<wp:meta_value><![CDATA[3]]></wp:meta_value>
		</wp:postmeta>
							<wp:postmeta>
		<wp:meta_key><![CDATA[safety]]></wp:meta_key>
		<wp:meta_value><![CDATA[3]]></wp:meta_value>
		</wp:postmeta>
							</item>
					<item>
		<title><![CDATA[DISODIUM EDTA]]></title>
		<link>http://localhost/?ingredient=disodium-edta</link>
		<pubDate>Fri, 24 Jul 2020 07:55:56 +0000</pubDate>
		<dc:creator><![CDATA[admin]]></dc:creator>
		<guid isPermaLink="false">http://localhost/?post_type=ingredient&#038;p=71</guid>
		<description></description>
		<content:encoded><![CDATA[]]></content:encoded>
		<excerpt:encoded><![CDATA[]]></excerpt:encoded>
		<wp:post_id>71</wp:post_id>
		<wp:post_date><![CDATA[2020-07-24 07:55:56]]></wp:post_date>
		<wp:post_date_gmt><![CDATA[2020-07-24 07:55:56]]></wp:post_date_gmt>
		<wp:post_modified><![CDATA[2020-07-24 07:55:56]]></wp:post_modified>
		<wp:post_modified_gmt><![CDATA[2020-07-24 07:55:56]]></wp:post_modified_gmt>
		<wp:comment_status><![CDATA[closed]]></wp:comment_status>
		<wp:ping_status><![CDATA[closed]]></wp:ping_status>
		<wp:post_name><![CDATA[disodium-edta]]></wp:post_name>
		<wp:status><![CDATA[publish]]></wp:status>
		<wp:post_parent>0</wp:post_parent>
		<wp:menu_order>0</wp:menu_order>
		<wp:post_type><![CDATA[ingredient]]></wp:post_type>
		<wp:post_password><![CDATA[]]></wp:post_password>
		<wp:is_sticky>0</wp:is_sticky>
										<category domain="functions" nicename="chelating"><![CDATA[chelating]]></category>
		<category domain="source" nicename="incidecoder"><![CDATA[INCIDecoder]]></category>
		<category domain="functions" nicename="viscosity-controlling"><![CDATA[viscosity controlling]]></category>
						<wp:postmeta>
		<wp:meta_key><![CDATA[_edit_last]]></wp:meta_key>
		<wp:meta_value><![CDATA[1]]></wp:meta_value>
		</wp:postmeta>
							<wp:postmeta>
		<wp:meta_key><![CDATA[safety]]></wp:meta_key>
		<wp:meta_value><![CDATA[5]]></wp:meta_value>
		</wp:postmeta>
							<wp:postmeta>
		<wp:meta_key><![CDATA[safety]]></wp:meta_key>
		<wp:meta_value><![CDATA[5]]></wp:meta_value>
		</wp:postmeta>
							</item>
					<item>
		<title><![CDATA[DIPROPYLENE GLYCOL]]></title>
		<link>http://localhost/?ingredient=dipropylene-glycol</link>
		<pubDate>Fri, 24 Jul 2020 07:57:27 +0000</pubDate>
		<dc:creator><![CDATA[admin]]></dc:creator>
		<guid isPermaLink="false">http://localhost/?post_type=ingredient&#038;p=73</guid>
		<description></description>
		<content:encoded><![CDATA[]]></content:encoded>
		<excerpt:encoded><![CDATA[]]></excerpt:encoded>
		<wp:post_id>73</wp:post_id>
		<wp:post_date><![CDATA[2020-07-24 07:57:27]]></wp:post_date>
		<wp:post_date_gmt><![CDATA[2020-07-24 07:57:27]]></wp:post_date_gmt>
		<wp:post_modified><![CDATA[2020-07-24 07:57:27]]></wp:post_modified>
		<wp:post_modified_gmt><![CDATA[2020-07-24 07:57:27]]></wp:post_modified_gmt>
		<wp:comment_status><![CDATA[closed]]></wp:comment_status>
		<wp:ping_status><![CDATA[closed]]></wp:ping_status>
		<wp:post_name><![CDATA[dipropylene-glycol]]></wp:post_name>
		<wp:status><![CDATA[publish]]></wp:status>
		<wp:post_parent>0</wp:post_parent>
		<wp:menu_order>0</wp:menu_order>
		<wp:post_type><![CDATA[ingredient]]></wp:post_type>
		<wp:post_password><![CDATA[]]></wp:post_password>
		<wp:is_sticky>0</wp:is_sticky>
										<category domain="source" nicename="cosdna"><![CDATA[CosDNA]]></category>
		<category domain="functions" nicename="humectant"><![CDATA[humectant]]></category>
		<category domain="functions" nicename="solvent"><![CDATA[solvent]]></category>
						<wp:postmeta>
		<wp:meta_key><![CDATA[_edit_last]]></wp:meta_key>
		<wp:meta_value><![CDATA[1]]></wp:meta_value>
		</wp:postmeta>
							<wp:postmeta>
		<wp:meta_key><![CDATA[safety]]></wp:meta_key>
		<wp:meta_value><![CDATA[3]]></wp:meta_value>
		</wp:postmeta>
							<wp:postmeta>
		<wp:meta_key><![CDATA[safety]]></wp:meta_key>
		<wp:meta_value><![CDATA[3]]></wp:meta_value>
		</wp:postmeta>
							</item>
					<item>
		<title><![CDATA[SODIUM HYALURONATE]]></title>
		<link>http://localhost/?ingredient=sodium-hyaluronate</link>
		<pubDate>Fri, 24 Jul 2020 07:58:34 +0000</pubDate>
		<dc:creator><![CDATA[admin]]></dc:creator>
		<guid isPermaLink="false">http://localhost/?post_type=ingredient&#038;p=75</guid>
		<description></description>
		<content:encoded><![CDATA[]]></content:encoded>
		<excerpt:encoded><![CDATA[]]></excerpt:encoded>
		<wp:post_id>75</wp:post_id>
		<wp:post_date><![CDATA[2020-07-24 07:58:34]]></wp:post_date>
		<wp:post_date_gmt><![CDATA[2020-07-24 07:58:34]]></wp:post_date_gmt>
		<wp:post_modified><![CDATA[2020-07-24 07:58:34]]></wp:post_modified>
		<wp:post_modified_gmt><![CDATA[2020-07-24 07:58:34]]></wp:post_modified_gmt>
		<wp:comment_status><![CDATA[closed]]></wp:comment_status>
		<wp:ping_status><![CDATA[closed]]></wp:ping_status>
		<wp:post_name><![CDATA[sodium-hyaluronate]]></wp:post_name>
		<wp:status><![CDATA[publish]]></wp:status>
		<wp:post_parent>0</wp:post_parent>
		<wp:menu_order>0</wp:menu_order>
		<wp:post_type><![CDATA[ingredient]]></wp:post_type>
		<wp:post_password><![CDATA[]]></wp:post_password>
		<wp:is_sticky>0</wp:is_sticky>
										<category domain="source" nicename="cosdna"><![CDATA[CosDNA]]></category>
		<category domain="functions" nicename="humectant"><![CDATA[humectant]]></category>
		<category domain="functions" nicename="skin-conditioning"><![CDATA[skin conditioning]]></category>
						<wp:postmeta>
		<wp:meta_key><![CDATA[_edit_last]]></wp:meta_key>
		<wp:meta_value><![CDATA[1]]></wp:meta_value>
		</wp:postmeta>
							<wp:postmeta>
		<wp:meta_key><![CDATA[safety]]></wp:meta_key>
		<wp:meta_value><![CDATA[4]]></wp:meta_value>
		</wp:postmeta>
							<wp:postmeta>
		<wp:meta_key><![CDATA[safety]]></wp:meta_key>
		<wp:meta_value><![CDATA[4]]></wp:meta_value>
		</wp:postmeta>
							</item>
					<item>
		<title><![CDATA[SODIUM CITRATE]]></title>
		<link>http://localhost/?ingredient=sodium-citrate</link>
		<pubDate>Fri, 24 Jul 2020 08:00:04 +0000</pubDate>
		<dc:creator><![CDATA[admin]]></dc:creator>
		<guid isPermaLink="false">http://localhost/?post_type=ingredient&#038;p=77</guid>
		<description></description>
		<content:encoded><![CDATA[]]></content:encoded>
		<excerpt:encoded><![CDATA[]]></excerpt:encoded>
		<wp:post_id>77</wp:post_id>
		<wp:post_date><![CDATA[2020-07-24 08:00:04]]></wp:post_date>
		<wp:post_date_gmt><![CDATA[2020-07-24 08:00:04]]></wp:post_date_gmt>
		<wp:post_modified><![CDATA[2020-07-24 08:00:04]]></wp:post_modified>
		<wp:post_modified_gmt><![CDATA[2020-07-24 08:00:04]]></wp:post_modified_gmt>
		<wp:comment_status><![CDATA[closed]]></wp:comment_status>
		<wp:ping_status><![CDATA[closed]]></wp:ping_status>
		<wp:post_name><![CDATA[sodium-citrate]]></wp:post_name>
		<wp:status><![CDATA[publish]]></wp:status>
		<wp:post_parent>0</wp:post_parent>
		<wp:menu_order>0</wp:menu_order>
		<wp:post_type><![CDATA[ingredient]]></wp:post_type>
		<wp:post_password><![CDATA[]]></wp:post_password>
		<wp:is_sticky>0</wp:is_sticky>
										<category domain="functions" nicename="antioxidant"><![CDATA[antioxidant]]></category>
		<category domain="source" nicename="cosdna"><![CDATA[CosDNA]]></category>
		<category domain="functions" nicename="ph-adjuster"><![CDATA[PH adjuster]]></category>
						<wp:postmeta>
		<wp:meta_key><![CDATA[_edit_last]]></wp:meta_key>
		<wp:meta_value><![CDATA[1]]></wp:meta_value>
		</wp:postmeta>
							<wp:postmeta>
		<wp:meta_key><![CDATA[safety]]></wp:meta_key>
		<wp:meta_value><![CDATA[1]]></wp:meta_value>
		</wp:postmeta>
							<wp:postmeta>
		<wp:meta_key><![CDATA[safety]]></wp:meta_key>
		<wp:meta_value><![CDATA[1]]></wp:meta_value>
		</wp:postmeta>
							</item>
					<item>
		<title><![CDATA[TOCOPHEROL]]></title>
		<link>http://localhost/?ingredient=tocopherol</link>
		<pubDate>Fri, 24 Jul 2020 08:01:22 +0000</pubDate>
		<dc:creator><![CDATA[admin]]></dc:creator>
		<guid isPermaLink="false">http://localhost/?post_type=ingredient&#038;p=79</guid>
		<description></description>
		<content:encoded><![CDATA[]]></content:encoded>
		<excerpt:encoded><![CDATA[]]></excerpt:encoded>
		<wp:post_id>79</wp:post_id>
		<wp:post_date><![CDATA[2020-07-24 08:01:22]]></wp:post_date>
		<wp:post_date_gmt><![CDATA[2020-07-24 08:01:22]]></wp:post_date_gmt>
		<wp:post_modified><![CDATA[2020-07-24 08:01:22]]></wp:post_modified>
		<wp:post_modified_gmt><![CDATA[2020-07-24 08:01:22]]></wp:post_modified_gmt>
		<wp:comment_status><![CDATA[closed]]></wp:comment_status>
		<wp:ping_status><![CDATA[closed]]></wp:ping_status>
		<wp:post_name><![CDATA[tocopherol]]></wp:post_name>
		<wp:status><![CDATA[publish]]></wp:status>
		<wp:post_parent>0</wp:post_parent>
		<wp:menu_order>0</wp:menu_order>
		<wp:post_type><![CDATA[ingredient]]></wp:post_type>
		<wp:post_password><![CDATA[]]></wp:post_password>
		<wp:is_sticky>0</wp:is_sticky>
										<category domain="functions" nicename="antioxidant"><![CDATA[antioxidant]]></category>
		<category domain="source" nicename="incidecoder"><![CDATA[INCIDecoder]]></category>
		<category domain="functions" nicename="masking"><![CDATA[masking]]></category>
		<category domain="functions" nicename="skin-conditioning"><![CDATA[skin conditioning]]></category>
						<wp:postmeta>
		<wp:meta_key><![CDATA[_edit_last]]></wp:meta_key>
		<wp:meta_value><![CDATA[1]]></wp:meta_value>
		</wp:postmeta>
							<wp:postmeta>
		<wp:meta_key><![CDATA[safety]]></wp:meta_key>
		<wp:meta_value><![CDATA[1]]></wp:meta_value>
		</wp:postmeta>
							<wp:postmeta>
		<wp:meta_key><![CDATA[safety]]></wp:meta_key>
		<wp:meta_value><![CDATA[1]]></wp:meta_value>
		</wp:postmeta>
							</item>
					<item>
		<title><![CDATA[MICA]]></title>
		<link>http://localhost/?ingredient=mica</link>
		<pubDate>Sun, 09 Aug 2020 18:57:34 +0000</pubDate>
		<dc:creator><![CDATA[admin]]></dc:creator>
		<guid isPermaLink="false">http://localhost/?ingredient=mica</guid>
		<description></description>
		<content:encoded><![CDATA[<!-- wp:paragraph -->
<p>Mica-group minerals (CI 77019)</p>
<!-- /wp:paragraph -->]]></content:encoded>
		<excerpt:encoded><![CDATA[]]></excerpt:encoded>
		<wp:post_id>405</wp:post_id>
		<wp:post_date><![CDATA[2020-08-09 18:57:34]]></wp:post_date>
		<wp:post_date_gmt><![CDATA[2020-08-09 18:57:34]]></wp:post_date_gmt>
		<wp:post_modified><![CDATA[2020-08-09 18:57:34]]></wp:post_modified>
		<wp:post_modified_gmt><![CDATA[2020-08-09 18:57:34]]></wp:post_modified_gmt>
		<wp:comment_status><![CDATA[closed]]></wp:comment_status>
		<wp:ping_status><![CDATA[closed]]></wp:ping_status>
		<wp:post_name><![CDATA[mica]]></wp:post_name>
		<wp:status><![CDATA[publish]]></wp:status>
		<wp:post_parent>0</wp:post_parent>
		<wp:menu_order>0</wp:menu_order>
		<wp:post_type><![CDATA[ingredient]]></wp:post_type>
		<wp:post_password><![CDATA[]]></wp:post_password>
		<wp:is_sticky>0</wp:is_sticky>
										<category domain="source" nicename="cosing"><![CDATA[CosIng]]></category>
		<category domain="functions" nicename="opacifying"><![CDATA[opacifying]]></category>
						<wp:postmeta>
		<wp:meta_key><![CDATA[cosing_id]]></wp:meta_key>
		<wp:meta_value><![CDATA[35360]]></wp:meta_value>
		</wp:postmeta>
							<wp:postmeta>
		<wp:meta_key><![CDATA[last_update]]></wp:meta_key>
		<wp:meta_value><![CDATA[2010-10-15]]></wp:meta_value>
		</wp:postmeta>
							<wp:postmeta>
		<wp:meta_key><![CDATA[cas_number]]></wp:meta_key>
		<wp:meta_value><![CDATA[12001-26-2]]></wp:meta_value>
		</wp:postmeta>
							<wp:postmeta>
		<wp:meta_key><![CDATA[ec_number]]></wp:meta_key>
		<wp:meta_value><![CDATA[-]]></wp:meta_value>
		</wp:postmeta>
							<wp:postmeta>
		<wp:meta_key><![CDATA[_edit_last]]></wp:meta_key>
		<wp:meta_value><![CDATA[1]]></wp:meta_value>
		</wp:postmeta>
							<wp:postmeta>
		<wp:meta_key><![CDATA[safety]]></wp:meta_key>
		<wp:meta_value><![CDATA[1]]></wp:meta_value>
		</wp:postmeta>
							</item>
					<item>
		<title><![CDATA[Navigation]]></title>
		<link>http://localhost/2023/08/navigation/</link>
		<pubDate>Mon, 28 Aug 2023 12:04:19 +0000</pubDate>
		<dc:creator><![CDATA[]]></dc:creator>
		<guid isPermaLink="false">http://localhost/?p=4</guid>
		<description></description>
		<content:encoded><![CDATA[<!-- wp:page-list /-->]]></content:encoded>
		<excerpt:encoded><![CDATA[]]></excerpt:encoded>
		<wp:post_id>4</wp:post_id>
		<wp:post_date><![CDATA[2023-08-28 12:04:19]]></wp:post_date>
		<wp:post_date_gmt><![CDATA[2023-08-28 12:04:19]]></wp:post_date_gmt>
		<wp:post_modified><![CDATA[2023-08-28 12:04:19]]></wp:post_modified>
		<wp:post_modified_gmt><![CDATA[2023-08-28 12:04:19]]></wp:post_modified_gmt>
		<wp:comment_status><![CDATA[closed]]></wp:comment_status>
		<wp:ping_status><![CDATA[closed]]></wp:ping_status>
		<wp:post_name><![CDATA[navigation]]></wp:post_name>
		<wp:status><![CDATA[publish]]></wp:status>
		<wp:post_parent>0</wp:post_parent>
		<wp:menu_order>0</wp:menu_order>
		<wp:post_type><![CDATA[wp_navigation]]></wp:post_type>
		<wp:post_password><![CDATA[]]></wp:post_password>
		<wp:is_sticky>0</wp:is_sticky>
														</item>
					<item>
		<title><![CDATA[Custom Styles]]></title>
		<link>http://localhost/2023/11/wp-global-styles-twentytwentyfour/</link>
		<pubDate>Sat, 04 Nov 2023 23:39:21 +0000</pubDate>
		<dc:creator><![CDATA[admin]]></dc:creator>
		<guid isPermaLink="false">http://localhost/?p=6</guid>
		<description></description>
		<content:encoded><![CDATA[{"settings":{"color":{"duotone":{"theme":[{"colors":["#272727","#f9f9f9"],"slug":"duotone-1","name":"Dark gray and white"},{"colors":["#272727","#5F584F"],"slug":"duotone-2","name":"Dark gray and walnut"},{"colors":["#272727","#973C20"],"slug":"duotone-3","name":"Dark gray and cinnamon"},{"colors":["#272727","#4D5B48"],"slug":"duotone-4","name":"Dark gray and olive"},{"colors":["#272727","#4F5959"],"slug":"duotone-5","name":"Dark gray and steel"}]},"gradients":{"theme":[{"slug":"gradient-1","gradient":"linear-gradient(to bottom, #5F584F 0%, #272727 100%)","name":"Vertical soft driftwood to dark gray"},{"slug":"gradient-2","gradient":"linear-gradient(to bottom, #6D533C 0%, #272727 100%)","name":"Vertical soft walnut to dark gray"},{"slug":"gradient-3","gradient":"linear-gradient(to bottom, #973C20 0%, #272727 100%)","name":"Vertical soft cinnamon to dark gray"},{"slug":"gradient-4","gradient":"linear-gradient(to bottom, #4D5B48 0%, #272727 100%)","name":"Vertical soft olive to dark gray"},{"slug":"gradient-5","gradient":"linear-gradient(to bottom, #4F5959 0%, #272727 100%)","name":"Vertical soft steel to dark gray"},{"slug":"gradient-6","gradient":"linear-gradient(to bottom, #909090 0%, #272727 100%)","name":"Vertical soft pewter to dark gray"},{"slug":"gradient-7","gradient":"linear-gradient(to bottom, #5F584F 50%, #272727 50%)","name":"Vertical hard beige to dark gray"},{"slug":"gradient-8","gradient":"linear-gradient(to bottom, #6D533C 50%, #272727 50%)","name":"Vertical hard walnut to dark gray"},{"slug":"gradient-9","gradient":"linear-gradient(to bottom, #973C20 50%, #272727 50%)","name":"Vertical hard cinnamon to dark gray"},{"slug":"gradient-10","gradient":"linear-gradient(to bottom, #4D5B48 50%, #272727 50%)","name":"Vertical hard olive to dark gray"},{"slug":"gradient-11","gradient":"linear-gradient(to bottom, #4F5959 50%, #272727 50%)","name":"Vertical hard steel to dark gray"},{"slug":"gradient-12","gradient":"linear-gradient(to bottom, #A4A4A4 50%, #272727 50%)","name":"Vertical hard pewter to dark gray"}]},"palette":{"theme":[{"color":"#272727","name":"Base","slug":"base"},{"color":"#303030","name":"Base \/ Two","slug":"base-2"},{"color":"#ffffff26","name":"Base \/ Three","slug":"base-3"},{"color":"#f9f9f9","name":"Contrast","slug":"contrast"},{"color":"#B7B7B7","name":"Contrast \/ Two","slug":"contrast-2"},{"color":"#909090","name":"Contrast \/ Three","slug":"contrast-3"},{"color":"#5F584F","name":"Accent","slug":"accent"},{"color":"#6D533C","name":"Accent \/ Two","slug":"accent-2"},{"color":"#973C20","name":"Accent \/ Three","slug":"accent-3"},{"color":"#4D5B48","name":"Accent \/ Four","slug":"accent-4"},{"color":"#4F5959","name":"Accent \/ Five","slug":"accent-5"}]}}},"isGlobalStylesUserThemeJSON":true,"version":2}]]></content:encoded>
		<excerpt:encoded><![CDATA[]]></excerpt:encoded>
		<wp:post_id>6</wp:post_id>
		<wp:post_date><![CDATA[2023-11-04 23:39:21]]></wp:post_date>
		<wp:post_date_gmt><![CDATA[2023-11-04 23:39:21]]></wp:post_date_gmt>
		<wp:post_modified><![CDATA[2023-11-04 23:42:45]]></wp:post_modified>
		<wp:post_modified_gmt><![CDATA[2023-11-04 23:42:45]]></wp:post_modified_gmt>
		<wp:comment_status><![CDATA[closed]]></wp:comment_status>
		<wp:ping_status><![CDATA[closed]]></wp:ping_status>
		<wp:post_name><![CDATA[wp-global-styles-twentytwentyfour]]></wp:post_name>
		<wp:status><![CDATA[publish]]></wp:status>
		<wp:post_parent>0</wp:post_parent>
		<wp:menu_order>0</wp:menu_order>
		<wp:post_type><![CDATA[wp_global_styles]]></wp:post_type>
		<wp:post_password><![CDATA[]]></wp:post_password>
		<wp:is_sticky>0</wp:is_sticky>
										<category domain="wp_theme" nicename="twentytwentyfour"><![CDATA[twentytwentyfour]]></category>
						</item>
					<item>
		<title><![CDATA[Giorgio Armani Neo Nude Glow Foundation]]></title>
		<link>http://localhost/product/giorgio-armani-neo-nude-glow-foundation/</link>
		<pubDate>Thu, 23 Jul 2020 18:18:09 +0000</pubDate>
		<dc:creator><![CDATA[admin]]></dc:creator>
		<guid isPermaLink="false">http://localhost/?post_type=product&#038;p=31</guid>
		<description></description>
		<content:encoded><![CDATA[<!-- wp:paragraph -->
<p>A hybrid foundation that provides a fresh, healthy-looking complexion while providing your skin with hydrating benefits.</p>
<!-- /wp:paragraph -->

<!-- wp:paragraph -->
<p>The formula is infused with hyaluronic acid and glycerine to provide the skin with hydration throughout the day. The formulation offers a lightweight, fresh texture which allows the skin to breathe.</p>
<!-- /wp:paragraph -->

<!-- wp:paragraph -->
<p>The easily-dispersed mineral pigments offer buildable coverage, resulting in a healthy-looking glow. The foundation comes in 24 shades to enhance the natural beauty of every skin tone.<br><em>(from the official website)</em></p>
<!-- /wp:paragraph -->]]></content:encoded>
		<excerpt:encoded><![CDATA[]]></excerpt:encoded>
		<wp:post_id>31</wp:post_id>
		<wp:post_date><![CDATA[2020-07-23 18:18:09]]></wp:post_date>
		<wp:post_date_gmt><![CDATA[2020-07-23 18:18:09]]></wp:post_date_gmt>
		<wp:post_modified><![CDATA[2020-07-23 18:18:09]]></wp:post_modified>
		<wp:post_modified_gmt><![CDATA[2020-07-23 18:18:09]]></wp:post_modified_gmt>
		<wp:comment_status><![CDATA[closed]]></wp:comment_status>
		<wp:ping_status><![CDATA[closed]]></wp:ping_status>
		<wp:post_name><![CDATA[giorgio-armani-neo-nude-glow-foundation]]></wp:post_name>
		<wp:status><![CDATA[publish]]></wp:status>
		<wp:post_parent>0</wp:post_parent>
		<wp:menu_order>0</wp:menu_order>
		<wp:post_type><![CDATA[product]]></wp:post_type>
		<wp:post_password><![CDATA[]]></wp:post_password>
		<wp:is_sticky>0</wp:is_sticky>
										<category domain="brand" nicename="giorgio-armani"><![CDATA[Giorgio Armani]]></category>
						<wp:postmeta>
		<wp:meta_key><![CDATA[may_contain]]></wp:meta_key>
		<wp:meta_value><![CDATA[a:0:{}]]></wp:meta_value>
		</wp:postmeta>
							<wp:postmeta>
		<wp:meta_key><![CDATA[_edit_last]]></wp:meta_key>
		<wp:meta_value><![CDATA[1]]></wp:meta_value>
		</wp:postmeta>
							<wp:postmeta>
		<wp:meta_key><![CDATA[ingredients]]></wp:meta_key>
		<wp:meta_value><![CDATA[a:19:{i:0;s:2:"35";i:1;s:2:"37";i:2;s:2:"39";i:3;s:2:"41";i:4;s:2:"43";i:5;s:2:"45";i:6;s:2:"48";i:7;s:2:"50";i:8;s:2:"52";i:9;s:2:"55";i:10;s:2:"57";i:11;s:2:"59";i:12;s:2:"61";i:13;s:2:"66";i:14;s:2:"71";i:15;s:2:"73";i:16;s:2:"75";i:17;s:2:"77";i:18;s:2:"79";}]]></wp:meta_value>
		</wp:postmeta>
							</item>
					<item>
		<title><![CDATA[L'Oréal Paris True Match Pressed Powder Foundation]]></title>
		<link>http://localhost/product/true-match-pressed-powder-foundation/</link>
		<pubDate>Sun, 05 Nov 2023 00:48:07 +0000</pubDate>
		<dc:creator><![CDATA[admin]]></dc:creator>
		<guid isPermaLink="false">http://localhost/?post_type=product&#038;p=424</guid>
		<description></description>
		<content:encoded><![CDATA[<!-- wp:paragraph -->
<p>This ultra-soft, light-textured powder perfectly matches the colour and texture of your skin for a flawless finish. The micro-fine formula lets you apply a translucent layer or build up more intense coverage to even your skin tone and cover imperfections. It blends so seamlessly it is almost as if you are not wearing make-up.</p>
<!-- /wp:paragraph -->]]></content:encoded>
		<excerpt:encoded><![CDATA[]]></excerpt:encoded>
		<wp:post_id>424</wp:post_id>
		<wp:post_date><![CDATA[2023-11-05 00:48:07]]></wp:post_date>
		<wp:post_date_gmt><![CDATA[2023-11-05 00:48:07]]></wp:post_date_gmt>
		<wp:post_modified><![CDATA[2025-04-12 18:14:50]]></wp:post_modified>
		<wp:post_modified_gmt><![CDATA[2025-04-12 18:14:50]]></wp:post_modified_gmt>
		<wp:comment_status><![CDATA[closed]]></wp:comment_status>
		<wp:ping_status><![CDATA[closed]]></wp:ping_status>
		<wp:post_name><![CDATA[true-match-pressed-powder-foundation]]></wp:post_name>
		<wp:status><![CDATA[publish]]></wp:status>
		<wp:post_parent>0</wp:post_parent>
		<wp:menu_order>0</wp:menu_order>
		<wp:post_type><![CDATA[product]]></wp:post_type>
		<wp:post_password><![CDATA[]]></wp:post_password>
		<wp:is_sticky>0</wp:is_sticky>
										<category domain="brand" nicename="loreal-paris"><![CDATA[L'Oréal Paris]]></category>
						<wp:postmeta>
		<wp:meta_key><![CDATA[_edit_last]]></wp:meta_key>
		<wp:meta_value><![CDATA[1]]></wp:meta_value>
		</wp:postmeta>
							<wp:postmeta>
		<wp:meta_key><![CDATA[ingredients]]></wp:meta_key>
		<wp:meta_value><![CDATA[a:10:{i:0;s:3:"427";i:1;s:3:"429";i:2;s:2:"43";i:3;s:3:"432";i:4;s:3:"434";i:5;s:3:"437";i:6;s:3:"439";i:7;s:3:"446";i:8;s:2:"61";i:9;s:3:"443";}]]></wp:meta_value>
		</wp:postmeta>
							<wp:postmeta>
		<wp:meta_key><![CDATA[may_contain]]></wp:meta_key>
		<wp:meta_value><![CDATA[a:5:{i:0;s:3:"457";i:1;s:3:"459";i:2;s:3:"461";i:3;s:3:"463";i:4;s:3:"405";}]]></wp:meta_value>
		</wp:postmeta>
							</item>
					<item>
		<title><![CDATA[TALC]]></title>
		<link>http://localhost/?ingredient=talc</link>
		<pubDate>Sun, 05 Nov 2023 00:07:57 +0000</pubDate>
		<dc:creator><![CDATA[admin]]></dc:creator>
		<guid isPermaLink="false">http://localhost/?post_type=ingredient&#038;p=427</guid>
		<description></description>
		<content:encoded><![CDATA[]]></content:encoded>
		<excerpt:encoded><![CDATA[]]></excerpt:encoded>
		<wp:post_id>427</wp:post_id>
		<wp:post_date><![CDATA[2023-11-05 00:07:57]]></wp:post_date>
		<wp:post_date_gmt><![CDATA[2023-11-05 00:07:57]]></wp:post_date_gmt>
		<wp:post_modified><![CDATA[2023-11-05 00:07:57]]></wp:post_modified>
		<wp:post_modified_gmt><![CDATA[2023-11-05 00:07:57]]></wp:post_modified_gmt>
		<wp:comment_status><![CDATA[closed]]></wp:comment_status>
		<wp:ping_status><![CDATA[closed]]></wp:ping_status>
		<wp:post_name><![CDATA[talc]]></wp:post_name>
		<wp:status><![CDATA[publish]]></wp:status>
		<wp:post_parent>0</wp:post_parent>
		<wp:menu_order>0</wp:menu_order>
		<wp:post_type><![CDATA[ingredient]]></wp:post_type>
		<wp:post_password><![CDATA[]]></wp:post_password>
		<wp:is_sticky>0</wp:is_sticky>
										<category domain="functions" nicename="absorbent"><![CDATA[absorbent]]></category>
						<wp:postmeta>
		<wp:meta_key><![CDATA[_edit_last]]></wp:meta_key>
		<wp:meta_value><![CDATA[1]]></wp:meta_value>
		</wp:postmeta>
							<wp:postmeta>
		<wp:meta_key><![CDATA[safety]]></wp:meta_key>
		<wp:meta_value><![CDATA[1]]></wp:meta_value>
		</wp:postmeta>
							</item>
					<item>
		<title><![CDATA[NYLON-12]]></title>
		<link>http://localhost/?ingredient=nylon-12</link>
		<pubDate>Sun, 05 Nov 2023 00:11:08 +0000</pubDate>
		<dc:creator><![CDATA[admin]]></dc:creator>
		<guid isPermaLink="false">http://localhost/?post_type=ingredient&#038;p=429</guid>
		<description></description>
		<content:encoded><![CDATA[]]></content:encoded>
		<excerpt:encoded><![CDATA[]]></excerpt:encoded>
		<wp:post_id>429</wp:post_id>
		<wp:post_date><![CDATA[2023-11-05 00:11:08]]></wp:post_date>
		<wp:post_date_gmt><![CDATA[2023-11-05 00:11:08]]></wp:post_date_gmt>
		<wp:post_modified><![CDATA[2023-11-05 00:11:08]]></wp:post_modified>
		<wp:post_modified_gmt><![CDATA[2023-11-05 00:11:08]]></wp:post_modified_gmt>
		<wp:comment_status><![CDATA[closed]]></wp:comment_status>
		<wp:ping_status><![CDATA[closed]]></wp:ping_status>
		<wp:post_name><![CDATA[nylon-12]]></wp:post_name>
		<wp:status><![CDATA[publish]]></wp:status>
		<wp:post_parent>0</wp:post_parent>
		<wp:menu_order>0</wp:menu_order>
		<wp:post_type><![CDATA[ingredient]]></wp:post_type>
		<wp:post_password><![CDATA[]]></wp:post_password>
		<wp:is_sticky>0</wp:is_sticky>
										<category domain="functions" nicename="mattifying"><![CDATA[mattifying]]></category>
		<category domain="functions" nicename="viscosifying"><![CDATA[viscosifying]]></category>
						<wp:postmeta>
		<wp:meta_key><![CDATA[_edit_last]]></wp:meta_key>
		<wp:meta_value><![CDATA[1]]></wp:meta_value>
		</wp:postmeta>
							<wp:postmeta>
		<wp:meta_key><![CDATA[safety]]></wp:meta_key>
		<wp:meta_value><![CDATA[3]]></wp:meta_value>
		</wp:postmeta>
							</item>
					<item>
		<title><![CDATA[ZEA MAYS STARCH]]></title>
		<link>http://localhost/?ingredient=corn-starch</link>
		<pubDate>Sun, 05 Nov 2023 00:13:00 +0000</pubDate>
		<dc:creator><![CDATA[admin]]></dc:creator>
		<guid isPermaLink="false">http://localhost/?post_type=ingredient&#038;p=431</guid>
		<description></description>
		<content:encoded><![CDATA[]]></content:encoded>
		<excerpt:encoded><![CDATA[]]></excerpt:encoded>
		<wp:post_id>431</wp:post_id>
		<wp:post_date><![CDATA[2023-11-05 00:13:00]]></wp:post_date>
		<wp:post_date_gmt><![CDATA[2023-11-05 00:13:00]]></wp:post_date_gmt>
		<wp:post_modified><![CDATA[2023-11-05 00:13:00]]></wp:post_modified>
		<wp:post_modified_gmt><![CDATA[2023-11-05 00:13:00]]></wp:post_modified_gmt>
		<wp:comment_status><![CDATA[closed]]></wp:comment_status>
		<wp:ping_status><![CDATA[closed]]></wp:ping_status>
		<wp:post_name><![CDATA[corn-starch]]></wp:post_name>
		<wp:status><![CDATA[publish]]></wp:status>
		<wp:post_parent>0</wp:post_parent>
		<wp:menu_order>0</wp:menu_order>
		<wp:post_type><![CDATA[ingredient]]></wp:post_type>
		<wp:post_password><![CDATA[]]></wp:post_password>
		<wp:is_sticky>0</wp:is_sticky>
										<category domain="functions" nicename="abrasive"><![CDATA[abrasive]]></category>
		<category domain="functions" nicename="absorbent"><![CDATA[absorbent]]></category>
		<category domain="functions" nicename="anticaking-agent"><![CDATA[anticaking agent]]></category>
		<category domain="source" nicename="cosmeticobs"><![CDATA[CosmeticOBS]]></category>
		<category domain="functions" nicename="skin-protecting"><![CDATA[skin protecting]]></category>
		<category domain="functions" nicename="viscosity-controlling"><![CDATA[viscosity controlling]]></category>
						<wp:postmeta>
		<wp:meta_key><![CDATA[_edit_last]]></wp:meta_key>
		<wp:meta_value><![CDATA[1]]></wp:meta_value>
		</wp:postmeta>
							<wp:postmeta>
		<wp:meta_key><![CDATA[cas_number]]></wp:meta_key>
		<wp:meta_value><![CDATA[9005-25-8]]></wp:meta_value>
		</wp:postmeta>
							<wp:postmeta>
		<wp:meta_key><![CDATA[ec_number]]></wp:meta_key>
		<wp:meta_value><![CDATA[232-679-6]]></wp:meta_value>
		</wp:postmeta>
							<wp:postmeta>
		<wp:meta_key><![CDATA[safety]]></wp:meta_key>
		<wp:meta_value><![CDATA[1]]></wp:meta_value>
		</wp:postmeta>
							</item>
					<item>
		<title><![CDATA[ISONONYL ISONONANOATE]]></title>
		<link>http://localhost/?ingredient=isononyl-isononanoate</link>
		<pubDate>Sun, 05 Nov 2023 00:12:11 +0000</pubDate>
		<dc:creator><![CDATA[admin]]></dc:creator>
		<guid isPermaLink="false">http://localhost/?post_type=ingredient&#038;p=432</guid>
		<description></description>
		<content:encoded><![CDATA[]]></content:encoded>
		<excerpt:encoded><![CDATA[]]></excerpt:encoded>
		<wp:post_id>432</wp:post_id>
		<wp:post_date><![CDATA[2023-11-05 00:12:11]]></wp:post_date>
		<wp:post_date_gmt><![CDATA[2023-11-05 00:12:11]]></wp:post_date_gmt>
		<wp:post_modified><![CDATA[2023-11-05 00:12:11]]></wp:post_modified>
		<wp:post_modified_gmt><![CDATA[2023-11-05 00:12:11]]></wp:post_modified_gmt>
		<wp:comment_status><![CDATA[closed]]></wp:comment_status>
		<wp:ping_status><![CDATA[closed]]></wp:ping_status>
		<wp:post_name><![CDATA[isononyl-isononanoate]]></wp:post_name>
		<wp:status><![CDATA[publish]]></wp:status>
		<wp:post_parent>0</wp:post_parent>
		<wp:menu_order>0</wp:menu_order>
		<wp:post_type><![CDATA[ingredient]]></wp:post_type>
		<wp:post_password><![CDATA[]]></wp:post_password>
		<wp:is_sticky>0</wp:is_sticky>
										<category domain="functions" nicename="antistatic"><![CDATA[antistatic]]></category>
		<category domain="source" nicename="cosmeticobs"><![CDATA[CosmeticOBS]]></category>
		<category domain="functions" nicename="emollient"><![CDATA[emollient]]></category>
		<category domain="functions" nicename="skin-conditioning"><![CDATA[skin conditioning]]></category>
						<wp:postmeta>
		<wp:meta_key><![CDATA[_edit_last]]></wp:meta_key>
		<wp:meta_value><![CDATA[1]]></wp:meta_value>
		</wp:postmeta>
							<wp:postmeta>
		<wp:meta_key><![CDATA[safety]]></wp:meta_key>
		<wp:meta_value><![CDATA[4]]></wp:meta_value>
		</wp:postmeta>
							<wp:postmeta>
		<wp:meta_key><![CDATA[cas_number]]></wp:meta_key>
		<wp:meta_value><![CDATA[59219-71-5 / 42131-25-9]]></wp:meta_value>
		</wp:postmeta>
							<wp:postmeta>
		<wp:meta_key><![CDATA[ec_number]]></wp:meta_key>
		<wp:meta_value><![CDATA[261-665-2]]></wp:meta_value>
		</wp:postmeta>
							</item>
					<item>
		<title><![CDATA[MAGNESIUM STEARATE]]></title>
		<link>http://localhost/?ingredient=magnesium-stearate</link>
		<pubDate>Sun, 05 Nov 2023 00:12:25 +0000</pubDate>
		<dc:creator><![CDATA[admin]]></dc:creator>
		<guid isPermaLink="false">http://localhost/?post_type=ingredient&#038;p=434</guid>
		<description></description>
		<content:encoded><![CDATA[]]></content:encoded>
		<excerpt:encoded><![CDATA[]]></excerpt:encoded>
		<wp:post_id>434</wp:post_id>
		<wp:post_date><![CDATA[2023-11-05 00:12:25]]></wp:post_date>
		<wp:post_date_gmt><![CDATA[2023-11-05 00:12:25]]></wp:post_date_gmt>
		<wp:post_modified><![CDATA[2023-11-05 00:12:25]]></wp:post_modified>
		<wp:post_modified_gmt><![CDATA[2023-11-05 00:12:25]]></wp:post_modified_gmt>
		<wp:comment_status><![CDATA[closed]]></wp:comment_status>
		<wp:ping_status><![CDATA[closed]]></wp:ping_status>
		<wp:post_name><![CDATA[magnesium-stearate]]></wp:post_name>
		<wp:status><![CDATA[publish]]></wp:status>
		<wp:post_parent>0</wp:post_parent>
		<wp:menu_order>0</wp:menu_order>
		<wp:post_type><![CDATA[ingredient]]></wp:post_type>
		<wp:post_password><![CDATA[]]></wp:post_password>
		<wp:is_sticky>0</wp:is_sticky>
										<category domain="functions" nicename="anticaking-agent"><![CDATA[anticaking agent]]></category>
		<category domain="functions" nicename="bulking-agent"><![CDATA[bulking agent]]></category>
		<category domain="functions" nicename="colorant"><![CDATA[colorant]]></category>
		<category domain="source" nicename="cosmeticobs"><![CDATA[CosmeticOBS]]></category>
		<category domain="functions" nicename="moisturizing-agent"><![CDATA[moisturizing agent]]></category>
						<wp:postmeta>
		<wp:meta_key><![CDATA[_edit_last]]></wp:meta_key>
		<wp:meta_value><![CDATA[1]]></wp:meta_value>
		</wp:postmeta>
							<wp:postmeta>
		<wp:meta_key><![CDATA[safety]]></wp:meta_key>
		<wp:meta_value><![CDATA[3]]></wp:meta_value>
		</wp:postmeta>
							<wp:postmeta>
		<wp:meta_key><![CDATA[cas_number]]></wp:meta_key>
		<wp:meta_value><![CDATA[557-04-0]]></wp:meta_value>
		</wp:postmeta>
							<wp:postmeta>
		<wp:meta_key><![CDATA[ec_number]]></wp:meta_key>
		<wp:meta_value><![CDATA[209-150-3]]></wp:meta_value>
		</wp:postmeta>
							</item>
					<item>
		<title><![CDATA[SYNTHETIC FLUORPHLOGOPITE]]></title>
		<link>http://localhost/?ingredient=synthetic-fluorphlogopite</link>
		<pubDate>Sun, 05 Nov 2023 00:13:58 +0000</pubDate>
		<dc:creator><![CDATA[admin]]></dc:creator>
		<guid isPermaLink="false">http://localhost/?post_type=ingredient&#038;p=437</guid>
		<description></description>
		<content:encoded><![CDATA[]]></content:encoded>
		<excerpt:encoded><![CDATA[]]></excerpt:encoded>
		<wp:post_id>437</wp:post_id>
		<wp:post_date><![CDATA[2023-11-05 00:13:58]]></wp:post_date>
		<wp:post_date_gmt><![CDATA[2023-11-05 00:13:58]]></wp:post_date_gmt>
		<wp:post_modified><![CDATA[2023-11-05 00:13:58]]></wp:post_modified>
		<wp:post_modified_gmt><![CDATA[2023-11-05 00:13:58]]></wp:post_modified_gmt>
		<wp:comment_status><![CDATA[closed]]></wp:comment_status>
		<wp:ping_status><![CDATA[closed]]></wp:ping_status>
		<wp:post_name><![CDATA[synthetic-fluorphlogopite]]></wp:post_name>
		<wp:status><![CDATA[publish]]></wp:status>
		<wp:post_parent>0</wp:post_parent>
		<wp:menu_order>0</wp:menu_order>
		<wp:post_type><![CDATA[ingredient]]></wp:post_type>
		<wp:post_password><![CDATA[]]></wp:post_password>
		<wp:is_sticky>0</wp:is_sticky>
										<category domain="functions" nicename="bulking-agent"><![CDATA[bulking agent]]></category>
		<category domain="source" nicename="cosmeticobs"><![CDATA[CosmeticOBS]]></category>
		<category domain="functions" nicename="viscosity-controlling"><![CDATA[viscosity controlling]]></category>
						<wp:postmeta>
		<wp:meta_key><![CDATA[_edit_last]]></wp:meta_key>
		<wp:meta_value><![CDATA[1]]></wp:meta_value>
		</wp:postmeta>
							<wp:postmeta>
		<wp:meta_key><![CDATA[safety]]></wp:meta_key>
		<wp:meta_value><![CDATA[4]]></wp:meta_value>
		</wp:postmeta>
							<wp:postmeta>
		<wp:meta_key><![CDATA[cas_number]]></wp:meta_key>
		<wp:meta_value><![CDATA[12003-38-2]]></wp:meta_value>
		</wp:postmeta>
							<wp:postmeta>
		<wp:meta_key><![CDATA[ec_number]]></wp:meta_key>
		<wp:meta_value><![CDATA[234-426-5]]></wp:meta_value>
		</wp:postmeta>
							</item>
					<item>
		<title><![CDATA[VINYL DIMETHICONE/METHICONE SILSESQUIOXANE CROSSPOLYMER]]></title>
		<link>http://localhost/?ingredient=vinyl-dimethicone-crosspolymer</link>
		<pubDate>Sun, 05 Nov 2023 00:18:44 +0000</pubDate>
		<dc:creator><![CDATA[admin]]></dc:creator>
		<guid isPermaLink="false">http://localhost/?post_type=ingredient&#038;p=441</guid>
		<description></description>
		<content:encoded><![CDATA[]]></content:encoded>
		<excerpt:encoded><![CDATA[]]></excerpt:encoded>
		<wp:post_id>441</wp:post_id>
		<wp:post_date><![CDATA[2023-11-05 00:18:44]]></wp:post_date>
		<wp:post_date_gmt><![CDATA[2023-11-05 00:18:44]]></wp:post_date_gmt>
		<wp:post_modified><![CDATA[2023-11-05 00:18:44]]></wp:post_modified>
		<wp:post_modified_gmt><![CDATA[2023-11-05 00:18:44]]></wp:post_modified_gmt>
		<wp:comment_status><![CDATA[closed]]></wp:comment_status>
		<wp:ping_status><![CDATA[closed]]></wp:ping_status>
		<wp:post_name><![CDATA[vinyl-dimethicone-crosspolymer]]></wp:post_name>
		<wp:status><![CDATA[publish]]></wp:status>
		<wp:post_parent>0</wp:post_parent>
		<wp:menu_order>0</wp:menu_order>
		<wp:post_type><![CDATA[ingredient]]></wp:post_type>
		<wp:post_password><![CDATA[]]></wp:post_password>
		<wp:is_sticky>0</wp:is_sticky>
										<category domain="source" nicename="cosmeticobs"><![CDATA[CosmeticOBS]]></category>
		<category domain="functions" nicename="viscosity-controlling"><![CDATA[viscosity controlling]]></category>
						<wp:postmeta>
		<wp:meta_key><![CDATA[_edit_last]]></wp:meta_key>
		<wp:meta_value><![CDATA[1]]></wp:meta_value>
		</wp:postmeta>
							<wp:postmeta>
		<wp:meta_key><![CDATA[safety]]></wp:meta_key>
		<wp:meta_value><![CDATA[5]]></wp:meta_value>
		</wp:postmeta>
							</item>
					<item>
		<title><![CDATA[SILK POWDER]]></title>
		<link>http://localhost/?ingredient=silk-powder</link>
		<pubDate>Sun, 05 Nov 2023 00:19:39 +0000</pubDate>
		<dc:creator><![CDATA[admin]]></dc:creator>
		<guid isPermaLink="false">http://localhost/?post_type=ingredient&#038;p=443</guid>
		<description></description>
		<content:encoded><![CDATA[]]></content:encoded>
		<excerpt:encoded><![CDATA[]]></excerpt:encoded>
		<wp:post_id>443</wp:post_id>
		<wp:post_date><![CDATA[2023-11-05 00:19:39]]></wp:post_date>
		<wp:post_date_gmt><![CDATA[2023-11-05 00:19:39]]></wp:post_date_gmt>
		<wp:post_modified><![CDATA[2023-11-05 00:19:39]]></wp:post_modified>
		<wp:post_modified_gmt><![CDATA[2023-11-05 00:19:39]]></wp:post_modified_gmt>
		<wp:comment_status><![CDATA[closed]]></wp:comment_status>
		<wp:ping_status><![CDATA[closed]]></wp:ping_status>
		<wp:post_name><![CDATA[silk-powder]]></wp:post_name>
		<wp:status><![CDATA[publish]]></wp:status>
		<wp:post_parent>0</wp:post_parent>
		<wp:menu_order>0</wp:menu_order>
		<wp:post_type><![CDATA[ingredient]]></wp:post_type>
		<wp:post_password><![CDATA[]]></wp:post_password>
		<wp:is_sticky>0</wp:is_sticky>
										<category domain="functions" nicename="bulking-agent"><![CDATA[bulking agent]]></category>
		<category domain="functions" nicename="skin-conditioning"><![CDATA[skin conditioning]]></category>
						<wp:postmeta>
		<wp:meta_key><![CDATA[_edit_last]]></wp:meta_key>
		<wp:meta_value><![CDATA[1]]></wp:meta_value>
		</wp:postmeta>
							<wp:postmeta>
		<wp:meta_key><![CDATA[safety]]></wp:meta_key>
		<wp:meta_value><![CDATA[1]]></wp:meta_value>
		</wp:postmeta>
							<wp:postmeta>
		<wp:meta_key><![CDATA[cas_number]]></wp:meta_key>
		<wp:meta_value><![CDATA[9009-99-8]]></wp:meta_value>
		</wp:postmeta>
							</item>
					<item>
		<title><![CDATA[METHICONE SILSESQUIOXANE CROSSPOLYMER]]></title>
		<link>http://localhost/?ingredient=methicone-silsesquioxane-crosspolymer</link>
		<pubDate>Sun, 05 Nov 2023 00:24:45 +0000</pubDate>
		<dc:creator><![CDATA[admin]]></dc:creator>
		<guid isPermaLink="false">http://localhost/?post_type=ingredient&#038;p=446</guid>
		<description></description>
		<content:encoded><![CDATA[]]></content:encoded>
		<excerpt:encoded><![CDATA[]]></excerpt:encoded>
		<wp:post_id>446</wp:post_id>
		<wp:post_date><![CDATA[2023-11-05 00:24:45]]></wp:post_date>
		<wp:post_date_gmt><![CDATA[2023-11-05 00:24:45]]></wp:post_date_gmt>
		<wp:post_modified><![CDATA[2023-11-05 00:24:45]]></wp:post_modified>
		<wp:post_modified_gmt><![CDATA[2023-11-05 00:24:45]]></wp:post_modified_gmt>
		<wp:comment_status><![CDATA[closed]]></wp:comment_status>
		<wp:ping_status><![CDATA[closed]]></wp:ping_status>
		<wp:post_name><![CDATA[methicone-silsesquioxane-crosspolymer]]></wp:post_name>
		<wp:status><![CDATA[publish]]></wp:status>
		<wp:post_parent>0</wp:post_parent>
		<wp:menu_order>0</wp:menu_order>
		<wp:post_type><![CDATA[ingredient]]></wp:post_type>
		<wp:post_password><![CDATA[]]></wp:post_password>
		<wp:is_sticky>0</wp:is_sticky>
										<category domain="functions" nicename="viscosity-controlling"><![CDATA[viscosity controlling]]></category>
						<wp:postmeta>
		<wp:meta_key><![CDATA[_edit_last]]></wp:meta_key>
		<wp:meta_value><![CDATA[1]]></wp:meta_value>
		</wp:postmeta>
							<wp:postmeta>
		<wp:meta_key><![CDATA[safety]]></wp:meta_key>
		<wp:meta_value><![CDATA[5]]></wp:meta_value>
		</wp:postmeta>
							</item>
					<item>
		<title><![CDATA[TITANIUM DIOXIDE]]></title>
		<link>http://localhost/?ingredient=titanium-dioxide</link>
		<pubDate>Sun, 05 Nov 2023 00:44:01 +0000</pubDate>
		<dc:creator><![CDATA[admin]]></dc:creator>
		<guid isPermaLink="false">http://localhost/?post_type=ingredient&#038;p=457</guid>
		<description></description>
		<content:encoded><![CDATA[]]></content:encoded>
		<excerpt:encoded><![CDATA[]]></excerpt:encoded>
		<wp:post_id>457</wp:post_id>
		<wp:post_date><![CDATA[2023-11-05 00:44:01]]></wp:post_date>
		<wp:post_date_gmt><![CDATA[2023-11-05 00:44:01]]></wp:post_date_gmt>
		<wp:post_modified><![CDATA[2023-11-05 00:44:01]]></wp:post_modified>
		<wp:post_modified_gmt><![CDATA[2023-11-05 00:44:01]]></wp:post_modified_gmt>
		<wp:comment_status><![CDATA[closed]]></wp:comment_status>
		<wp:ping_status><![CDATA[closed]]></wp:ping_status>
		<wp:post_name><![CDATA[titanium-dioxide]]></wp:post_name>
		<wp:status><![CDATA[publish]]></wp:status>
		<wp:post_parent>0</wp:post_parent>
		<wp:menu_order>0</wp:menu_order>
		<wp:post_type><![CDATA[ingredient]]></wp:post_type>
		<wp:post_password><![CDATA[]]></wp:post_password>
		<wp:is_sticky>0</wp:is_sticky>
										<category domain="functions" nicename="colorant"><![CDATA[colorant]]></category>
		<category domain="source" nicename="cosmeticobs"><![CDATA[CosmeticOBS]]></category>
		<category domain="functions" nicename="opacifying-agent"><![CDATA[opacifying agent]]></category>
		<category domain="functions" nicename="uv-absorber"><![CDATA[uv absorber]]></category>
		<category domain="functions" nicename="uv-filter"><![CDATA[uv filter]]></category>
						<wp:postmeta>
		<wp:meta_key><![CDATA[_edit_last]]></wp:meta_key>
		<wp:meta_value><![CDATA[1]]></wp:meta_value>
		</wp:postmeta>
							<wp:postmeta>
		<wp:meta_key><![CDATA[safety]]></wp:meta_key>
		<wp:meta_value><![CDATA[1]]></wp:meta_value>
		</wp:postmeta>
							<wp:postmeta>
		<wp:meta_key><![CDATA[cas_number]]></wp:meta_key>
		<wp:meta_value><![CDATA[13463-67-7]]></wp:meta_value>
		</wp:postmeta>
							<wp:postmeta>
		<wp:meta_key><![CDATA[ec_number]]></wp:meta_key>
		<wp:meta_value><![CDATA[236-675-5]]></wp:meta_value>
		</wp:postmeta>
							</item>
					<item>
		<title><![CDATA[CI 77491]]></title>
		<link>http://localhost/?ingredient=ci-77491</link>
		<pubDate>Sun, 05 Nov 2023 00:45:14 +0000</pubDate>
		<dc:creator><![CDATA[admin]]></dc:creator>
		<guid isPermaLink="false">http://localhost/?post_type=ingredient&#038;p=459</guid>
		<description></description>
		<content:encoded><![CDATA[]]></content:encoded>
		<excerpt:encoded><![CDATA[]]></excerpt:encoded>
		<wp:post_id>459</wp:post_id>
		<wp:post_date><![CDATA[2023-11-05 00:45:14]]></wp:post_date>
		<wp:post_date_gmt><![CDATA[2023-11-05 00:45:14]]></wp:post_date_gmt>
		<wp:post_modified><![CDATA[2023-11-05 00:45:14]]></wp:post_modified>
		<wp:post_modified_gmt><![CDATA[2023-11-05 00:45:14]]></wp:post_modified_gmt>
		<wp:comment_status><![CDATA[closed]]></wp:comment_status>
		<wp:ping_status><![CDATA[closed]]></wp:ping_status>
		<wp:post_name><![CDATA[ci-77491]]></wp:post_name>
		<wp:status><![CDATA[publish]]></wp:status>
		<wp:post_parent>0</wp:post_parent>
		<wp:menu_order>0</wp:menu_order>
		<wp:post_type><![CDATA[ingredient]]></wp:post_type>
		<wp:post_password><![CDATA[]]></wp:post_password>
		<wp:is_sticky>0</wp:is_sticky>
										<category domain="functions" nicename="colorant"><![CDATA[colorant]]></category>
						<wp:postmeta>
		<wp:meta_key><![CDATA[_edit_last]]></wp:meta_key>
		<wp:meta_value><![CDATA[1]]></wp:meta_value>
		</wp:postmeta>
							<wp:postmeta>
		<wp:meta_key><![CDATA[safety]]></wp:meta_key>
		<wp:meta_value><![CDATA[1]]></wp:meta_value>
		</wp:postmeta>
							<wp:postmeta>
		<wp:meta_key><![CDATA[cas_number]]></wp:meta_key>
		<wp:meta_value><![CDATA[1309-37-1 / 1317-61-9 / 1345-27-3 / 52357-70-7 / 1345-25-1]]></wp:meta_value>
		</wp:postmeta>
							<wp:postmeta>
		<wp:meta_key><![CDATA[ec_number]]></wp:meta_key>
		<wp:meta_value><![CDATA[215-168-2 / 215-277-5 / 215-722-3 / 257-870-1 / 215-721-8]]></wp:meta_value>
		</wp:postmeta>
							</item>
					<item>
		<title><![CDATA[CI 77492]]></title>
		<link>http://localhost/?ingredient=ci-77492</link>
		<pubDate>Sun, 05 Nov 2023 00:46:03 +0000</pubDate>
		<dc:creator><![CDATA[admin]]></dc:creator>
		<guid isPermaLink="false">http://localhost/?post_type=ingredient&#038;p=461</guid>
		<description></description>
		<content:encoded><![CDATA[]]></content:encoded>
		<excerpt:encoded><![CDATA[]]></excerpt:encoded>
		<wp:post_id>461</wp:post_id>
		<wp:post_date><![CDATA[2023-11-05 00:46:03]]></wp:post_date>
		<wp:post_date_gmt><![CDATA[2023-11-05 00:46:03]]></wp:post_date_gmt>
		<wp:post_modified><![CDATA[2023-11-05 00:46:03]]></wp:post_modified>
		<wp:post_modified_gmt><![CDATA[2023-11-05 00:46:03]]></wp:post_modified_gmt>
		<wp:comment_status><![CDATA[closed]]></wp:comment_status>
		<wp:ping_status><![CDATA[closed]]></wp:ping_status>
		<wp:post_name><![CDATA[ci-77492]]></wp:post_name>
		<wp:status><![CDATA[publish]]></wp:status>
		<wp:post_parent>0</wp:post_parent>
		<wp:menu_order>0</wp:menu_order>
		<wp:post_type><![CDATA[ingredient]]></wp:post_type>
		<wp:post_password><![CDATA[]]></wp:post_password>
		<wp:is_sticky>0</wp:is_sticky>
										<category domain="functions" nicename="colorant"><![CDATA[colorant]]></category>
		<category domain="source" nicename="cosmeticobs"><![CDATA[CosmeticOBS]]></category>
						<wp:postmeta>
		<wp:meta_key><![CDATA[_edit_last]]></wp:meta_key>
		<wp:meta_value><![CDATA[1]]></wp:meta_value>
		</wp:postmeta>
							<wp:postmeta>
		<wp:meta_key><![CDATA[safety]]></wp:meta_key>
		<wp:meta_value><![CDATA[1]]></wp:meta_value>
		</wp:postmeta>
							</item>
					<item>
		<title><![CDATA[CI 77499 / IRON OXIDES]]></title>
		<link>http://localhost/?ingredient=ci-77499-iron-oxides</link>
		<pubDate>Sun, 05 Nov 2023 00:47:37 +0000</pubDate>
		<dc:creator><![CDATA[admin]]></dc:creator>
		<guid isPermaLink="false">http://localhost/?post_type=ingredient&#038;p=463</guid>
		<description></description>
		<content:encoded><![CDATA[]]></content:encoded>
		<excerpt:encoded><![CDATA[]]></excerpt:encoded>
		<wp:post_id>463</wp:post_id>
		<wp:post_date><![CDATA[2023-11-05 00:47:37]]></wp:post_date>
		<wp:post_date_gmt><![CDATA[2023-11-05 00:47:37]]></wp:post_date_gmt>
		<wp:post_modified><![CDATA[2023-11-05 00:47:37]]></wp:post_modified>
		<wp:post_modified_gmt><![CDATA[2023-11-05 00:47:37]]></wp:post_modified_gmt>
		<wp:comment_status><![CDATA[closed]]></wp:comment_status>
		<wp:ping_status><![CDATA[closed]]></wp:ping_status>
		<wp:post_name><![CDATA[ci-77499-iron-oxides]]></wp:post_name>
		<wp:status><![CDATA[publish]]></wp:status>
		<wp:post_parent>0</wp:post_parent>
		<wp:menu_order>0</wp:menu_order>
		<wp:post_type><![CDATA[ingredient]]></wp:post_type>
		<wp:post_password><![CDATA[]]></wp:post_password>
		<wp:is_sticky>0</wp:is_sticky>
										<category domain="functions" nicename="colorant"><![CDATA[colorant]]></category>
		<category domain="source" nicename="cosmeticobs"><![CDATA[CosmeticOBS]]></category>
						<wp:postmeta>
		<wp:meta_key><![CDATA[_edit_last]]></wp:meta_key>
		<wp:meta_value><![CDATA[1]]></wp:meta_value>
		</wp:postmeta>
							<wp:postmeta>
		<wp:meta_key><![CDATA[safety]]></wp:meta_key>
		<wp:meta_value><![CDATA[1]]></wp:meta_value>
		</wp:postmeta>
							</item>
					<item>
		<title><![CDATA[True Match Pressed Powder Foundation]]></title>
		<link>http://localhost/2023/11/product/</link>
		<pubDate>Sun, 05 Nov 2023 16:40:24 +0000</pubDate>
		<dc:creator><![CDATA[admin]]></dc:creator>
		<guid isPermaLink="false">http://localhost/?p=466</guid>
		<description></description>
		<content:encoded><![CDATA[<!-- wp:shortcode -->
[wp_inci_product id=424]
<!-- /wp:shortcode -->]]></content:encoded>
		<excerpt:encoded><![CDATA[]]></excerpt:encoded>
		<wp:post_id>466</wp:post_id>
		<wp:post_date><![CDATA[2023-11-05 16:40:24]]></wp:post_date>
		<wp:post_date_gmt><![CDATA[2023-11-05 16:40:24]]></wp:post_date_gmt>
		<wp:post_modified><![CDATA[2023-11-05 20:06:07]]></wp:post_modified>
		<wp:post_modified_gmt><![CDATA[2023-11-05 20:06:07]]></wp:post_modified_gmt>
		<wp:comment_status><![CDATA[open]]></wp:comment_status>
		<wp:ping_status><![CDATA[open]]></wp:ping_status>
		<wp:post_name><![CDATA[product]]></wp:post_name>
		<wp:status><![CDATA[publish]]></wp:status>
		<wp:post_parent>0</wp:post_parent>
		<wp:menu_order>0</wp:menu_order>
		<wp:post_type><![CDATA[post]]></wp:post_type>
		<wp:post_password><![CDATA[]]></wp:post_password>
		<wp:is_sticky>0</wp:is_sticky>
										<category domain="category" nicename="uncategorized"><![CDATA[Uncategorized]]></category>
						<wp:postmeta>
		<wp:meta_key><![CDATA[_generateblocks_dynamic_css_version]]></wp:meta_key>
		<wp:meta_value><![CDATA[1.8.2]]></wp:meta_value>
		</wp:postmeta>
							<wp:postmeta>
		<wp:meta_key><![CDATA[_pingme]]></wp:meta_key>
		<wp:meta_value><![CDATA[1]]></wp:meta_value>
		</wp:postmeta>
							<wp:postmeta>
		<wp:meta_key><![CDATA[_encloseme]]></wp:meta_key>
		<wp:meta_value><![CDATA[1]]></wp:meta_value>
		</wp:postmeta>
							<wp:postmeta>
		<wp:meta_key><![CDATA[_generateblocks_dynamic_css_version]]></wp:meta_key>
		<wp:meta_value><![CDATA[1.8.2]]></wp:meta_value>
		</wp:postmeta>
							<wp:postmeta>
		<wp:meta_key><![CDATA[_pingme]]></wp:meta_key>
		<wp:meta_value><![CDATA[1]]></wp:meta_value>
		</wp:postmeta>
							<wp:postmeta>
		<wp:meta_key><![CDATA[_encloseme]]></wp:meta_key>
		<wp:meta_value><![CDATA[1]]></wp:meta_value>
		</wp:postmeta>
							<wp:postmeta>
		<wp:meta_key><![CDATA[_generateblocks_dynamic_css_version]]></wp:meta_key>
		<wp:meta_value><![CDATA[1.8.2]]></wp:meta_value>
		</wp:postmeta>
							<wp:postmeta>
		<wp:meta_key><![CDATA[_pingme]]></wp:meta_key>
		<wp:meta_value><![CDATA[1]]></wp:meta_value>
		</wp:postmeta>
							<wp:postmeta>
		<wp:meta_key><![CDATA[_encloseme]]></wp:meta_key>
		<wp:meta_value><![CDATA[1]]></wp:meta_value>
		</wp:postmeta>
							<wp:postmeta>
		<wp:meta_key><![CDATA[_generateblocks_dynamic_css_version]]></wp:meta_key>
		<wp:meta_value><![CDATA[1.8.2]]></wp:meta_value>
		</wp:postmeta>
							<wp:postmeta>
		<wp:meta_key><![CDATA[_pingme]]></wp:meta_key>
		<wp:meta_value><![CDATA[1]]></wp:meta_value>
		</wp:postmeta>
							<wp:postmeta>
		<wp:meta_key><![CDATA[_encloseme]]></wp:meta_key>
		<wp:meta_value><![CDATA[1]]></wp:meta_value>
		</wp:postmeta>
				</channel>
</rss>
	